1666361256319_jpg.rf.537b2811c15ea8d9d894d6f31a32889a3.jpg,0
1680560120364_jpg.rf.6221f931f907667fbf10372989aa99060.jpg,2
1679672212188_jpg.rf.36f0840de92338b47e061c84d86cd7121.jpg,0
1680647438095_jpg.rf.0e1283a2acdcc54b61e6846945ed346b2.jpg,0
1666361255895_jpg.rf.337801ac9accbbc3548e11706782343d4.jpg,1
1680560120195_jpg.rf.115cb16e57b75dd8bbda44606bdd0d8e2.jpg,1
1666361255615_jpg.rf.c4a6679c6e10d62311abc77e3b03c9dc2.jpg,0
1679672212254_jpg.rf.558243b2eb891fe8825c9a87d2daba341.jpg,1
1680560119901_jpg.rf.86d2fb143179ee35465b80893bb3037c0.jpg,1
1666100667297_jpg.rf.be498302d967eedb0662a6f89107758c0.jpg,3
1680560120067_jpg.rf.ed191824b43eb78178e27ed95af16fb00.jpg,0
1666100667325_jpg.rf.c59a62642c7d8ed706ddcc8d29b784a32.jpg,2
1666100667363_jpg.rf.f45294d7a9b288435d0a11182bcdd1102.jpg,2
1666100667031_jpg.rf.6f27cb5d410c203748a9134ffba2aba44.jpg,0
1666361255761_jpg.rf.b553c893f5ff5c2ff04f7eefd4bfeb472.jpg,0
1666095931080_jpg.rf.057571e3b7e745c59bea7b09aefd3f3d1.jpg,2
1666095930923_jpg.rf.6b405aba4552ef556895fa07a7531d9c5.jpg,1
1666361256199_jpg.rf.0602508a2422779c738efe3459a6f6ef0.jpg,2
1666100667408_jpg.rf.3348895d304046df6ec33f1db2cdd3052.jpg,3
1666361256147_jpg.rf.885ce4526b62cbb586f656c97fd5e45d1.jpg,0
1666095930890_jpg.rf.cc82334b43bad1617d95b394cd25d30d3.jpg,1
1666095930710_jpg.rf.8662732b47c419cec890f30cf74a4a930.jpg,0
1679672212188_jpg.rf.36f0840de92338b47e061c84d86cd7120.jpg,1
1680560120033_jpg.rf.77078183255061d2d12ec12e70855df21.jpg,3
1666100667222_jpg.rf.37b25e1585f16f12d04e75d607f93aec3.jpg,1
1666100667031_jpg.rf.6f27cb5d410c203748a9134ffba2aba41.jpg,3
1666100667527_jpg.rf.97fbe257d4e7337923b74075c3b70c460.jpg,1
1666100667515_jpg.rf.c229e9f34169f43fc5fd46a52db01bf73.jpg,0
1666100667196_jpg.rf.72dbbdb2cc7a3e58c86edf653138f3bd1.jpg,3
1666095931679_jpg.rf.59c35cb1a5143f52410d9511f4cc57291.jpg,0
1666100666871_jpg.rf.2395083dddbb41b3677daccbfed109fb4.jpg,1
1680647438011_jpg.rf.3194e0b57acbdc039e5dec87b161be4c1.jpg,2
1666100667106_jpg.rf.2ebba12000d10b228f64d937a9260d583.jpg,1
1680560120019_jpg.rf.8a9bb987c88860f5b71d6a2f1541a2730.jpg,2
1666361255665_jpg.rf.ce49f61ef2c85d9c9705756f0021f4ba1.jpg,2
1666100666945_jpg.rf.ac2adf4740f2f4e7e0501210788358e43.jpg,0
1666095931511_jpg.rf.5e1bfe8d1dbffbb5ef6003fb5f9115000.jpg,0
1666361256286_jpg.rf.c5542312c48b22de89cc38219f15e0223.jpg,2
1666095930942_jpg.rf.ca9b5970f54c3d74d094a9f10e52b89a0.jpg,3
1680560120448_jpg.rf.52d58f8dda06dfd478cd45c4d0e73f262.jpg,1
1680560120209_jpg.rf.8ad19ec1ff7b67f9f22d1e9be8825ae52.jpg,1
1666361255598_jpg.rf.06d4a5958ad19a1b0bb2d7f7af1cbfbb0.jpg,2
1666095931139_jpg.rf.7cc9247fb1b61798eef2ef692207a0d81.jpg,3
1666100667159_jpg.rf.b08b323eb1577abcd3c30a6ba9fed06d1.jpg,1
1666095930731_jpg.rf.b95a02af9cf0f87e04fe073f223b8b8d0.jpg,1
1666361255910_jpg.rf.d6e23d1026d65d4617379da42e83c13f4.jpg,2
1666095931448_jpg.rf.cc9a5ad39894a3137f269ee1d25dcfaa0.jpg,1
1666100667183_jpg.rf.c1964cb43c0267044dbe04416c7636543.jpg,1
1666095931638_jpg.rf.fa5f0c12c4aced2b78a19f3391f9e18b1.jpg,1
1666095931000_jpg.rf.09a2d9cf8245437130e78ba06ea8d1690.jpg,2
1666095931721_jpg.rf.f0695fc94588ae92d76288ebdaee63d63.jpg,2
1666095931219_jpg.rf.b674af57b92cda799af0a5e46f5db5f71.jpg,2
1680560119876_jpg.rf.a0a1f7bee2c13c1d177822ec077cb3712.jpg,2
1666095931659_jpg.rf.9fc779a304787a0515337daa306e2d851.jpg,3
1666361256218_jpg.rf.b64314761fb8faafdfce2bdb7b0cd3632.jpg,2
1666100667183_jpg.rf.c1964cb43c0267044dbe04416c7636542.jpg,2
1666095930923_jpg.rf.6b405aba4552ef556895fa07a7531d9c2.jpg,0
1666100667093_jpg.rf.abc956a994d645048d3267597c8ddf961.jpg,0
1680560120266_jpg.rf.bae8d7acc083509783c6ebf5d84e5ffe1.jpg,2
1680560120159_jpg.rf.af9d876334d4afdd41541435f363dbf72.jpg,3
1680560120501_jpg.rf.07a393185bba96f0fab44530e37e94961.jpg,1
1666100666980_jpg.rf.fa31ab92593ead838b7153209893bb7f0.jpg,1
1680560120889_jpg.rf.2c03f13be04fb0a56396ac5f4795c4603.jpg,1
1666100667579_jpg.rf.9d9bfeac0c43e4c161265d42976a32bb2.jpg,3
1666100666812_jpg.rf.917012fd1855f289006115349848f2e23.jpg,2
1666100666997_jpg.rf.d770e50cbacd362c6738a1e44255fb8e1.jpg,0
1666100666834_jpg.rf.b7074acca5770ff5fe88d486d0d985434.jpg,3
1666095931302_jpg.rf.b6c1692f86234da67fb04b66dfa40bda0.jpg,2
1666095930923_jpg.rf.6b405aba4552ef556895fa07a7531d9c1.jpg,0
1666100667339_jpg.rf.d6b62028316018f3e32394a4de1cd0d53.jpg,1
1680560119967_jpg.rf.b825771c59562e89b6e390f6baad297e0.jpg,0
1680560120308_jpg.rf.5f95011d33325dddd88b869c269f04ed2.jpg,1
1666095931139_jpg.rf.7cc9247fb1b61798eef2ef692207a0d83.jpg,1
1666095930792_jpg.rf.d1d5e394974d53919c8448626f17a9622.jpg,2
1666095930907_jpg.rf.95fefca32c81b755d92d1e6a469a7a263.jpg,2
1666095930673_jpg.rf.a5634d16629653824b4bf82dfffaef901.jpg,2
1666095931160_jpg.rf.721ce35e84cabc47a31a8441134709791.jpg,3
1666361255895_jpg.rf.337801ac9accbbc3548e11706782343d0.jpg,3
1679672212125_jpg.rf.d16fa7b1291c5022195129dc368e7eb00.jpg,0
1666361256005_jpg.rf.1218011f9fe478320ec18495098289701.jpg,3
1666095931240_jpg.rf.5e1f8dd41d41b476ef06b1d34f49ae222.jpg,3
1666095931596_jpg.rf.0d623655f85a8580fedff556f1ecc73b0.jpg,3
1666361255797_jpg.rf.8cb19977b78bf705f5bd25355831076e3.jpg,0
1680560119918_jpg.rf.09efb0223d0fdb117c3baf399141b7270.jpg,1
1679672212248_jpg.rf.62437009d19c22981702fb95032a71f02.jpg,0
1679672212171_jpg.rf.4607f55b11160f1041d1aa6874cef3442.jpg,1
1680560120427_jpg.rf.92d7291299b4c1da8cbf8108f0a228ed3.jpg,0
1666095931388_jpg.rf.8618fd4b5add3cd7d2cd97b22817aa7f1.jpg,2
1680560119993_jpg.rf.a7e6922ea835bd5c492836fbbb7da8f91.jpg,0
1666361255927_jpg.rf.33def151900c454a8091e4e51b1730c32.jpg,3
1680560120159_jpg.rf.af9d876334d4afdd41541435f363dbf71.jpg,1
1666100667457_jpg.rf.09820811107d09139124e3e2488121e10.jpg,0
1680560120221_jpg.rf.155fc01521e49c9ac70b18da5e3cc2622.jpg,0
1666361256113_jpg.rf.0d371b0b15f8305d0ff5c43d7668a5c63.jpg,0
1666095931021_jpg.rf.96991933c6c83a39f4975d20f881abcb3.jpg,1
1680560120328_jpg.rf.c566e46b1ed2a660c37ec633cb7b48c10.jpg,0
1666095931324_jpg.rf.4976889e18ec774c8f9cff9adecc0ab12.jpg,0
1666095931763_jpg.rf.1452cec97aaad3986ee6b9bc2edabdd13.jpg,1
1666361256370_jpg.rf.13561496a63708766cdf4940d8bb3e754.jpg,0
1680647437895_jpg.rf.d04ee3fba5137f3b7e07542ff87e6f980.jpg,0
1679672212138_jpg.rf.63064e4ec36e7128a90c3ed54f3352ad2.jpg,0
1680560120091_jpg.rf.5dccf557f10266c4615ea3fedcc36c6a2.jpg,0
1680647438003_jpg.rf.5b67e1a03ced79c659ec4c62214a82571.jpg,1
1666361256267_jpg.rf.98cae59f56170e29beddc38ff208973f0.jpg,3
1680560120111_jpg.rf.44d0e769e2878cc1cc9fd1ddd3861b3a2.jpg,0
1666100667286_jpg.rf.0a3bab61ad8f081a906f9a8f07b236db1.jpg,0
1666100667183_jpg.rf.c1964cb43c0267044dbe04416c7636541.jpg,3
1666100667260_jpg.rf.bbe602d7d25401b47a5e9e52bc9186e32.jpg,0
1679672212116_jpg.rf.78f4ab4d5d452f807bf4cf896e0198720.jpg,1
1666361256147_jpg.rf.885ce4526b62cbb586f656c97fd5e45d3.jpg,3
1666100667457_jpg.rf.09820811107d09139124e3e2488121e12.jpg,2
1679672212203_jpg.rf.b4073434ff9db892a1ff752b2a6b05312.jpg,0
1666095931240_jpg.rf.5e1f8dd41d41b476ef06b1d34f49ae220.jpg,1
1666100667015_jpg.rf.b3d3d5bf43867a57908a25a3f7b0bb6c3.jpg,0
1680560120246_jpg.rf.1d37bd07a5d957d62bd76d69f0d85b791.jpg,0
1680647437741_jpg.rf.119bcc9e6f8fee13c84c408f137c91ef2.jpg,1
1666095930630_jpg.rf.12f65ce25103e0ba664bc2469ca020224.jpg,1
1679672211956_jpg.rf.0c5a1afccf22c0a06e737e0537c862842.jpg,0
1666361256354_jpg.rf.baec18af90c7c3fe00d8d04ff8b3a9662.jpg,3
1666100666963_jpg.rf.42ce49f94fe22675c48f1cade49540671.jpg,2
1666361255697_jpg.rf.cc89ad942957f72f2eaad34bbf261cca0.jpg,2
1666100667565_jpg.rf.dd377c36e27d06e91afbb51151e02d820.jpg,1
1666095931080_jpg.rf.057571e3b7e745c59bea7b09aefd3f3d0.jpg,0
1680560120170_jpg.rf.4483c792399b88380444dae3fccc95792.jpg,1
1666361255975_jpg.rf.5296f8454d1af845de0c513b18cbd4b40.jpg,1
1666095931324_jpg.rf.4976889e18ec774c8f9cff9adecc0ab11.jpg,2
1666100666871_jpg.rf.2395083dddbb41b3677daccbfed109fb3.jpg,2
1679672212111_jpg.rf.d370218dfd2c4ad6315bc8295052390e0.jpg,2
1680560120314_jpg.rf.f4b490b803e8ad42536c8885fa8b11dd0.jpg,0
1666095931240_jpg.rf.5e1f8dd41d41b476ef06b1d34f49ae223.jpg,3
1680560120295_jpg.rf.adf779791bea9e510effdb639076dc151.jpg,3
1680560120239_jpg.rf.e47c08df82f62fca5c2b723ccc1701491.jpg,0
1680560120184_jpg.rf.648669d70b52876c60ce971fb7f7b29c1.jpg,0
1666095930731_jpg.rf.b95a02af9cf0f87e04fe073f223b8b8d1.jpg,0
1680560120253_jpg.rf.f2c79ea6d1ded7faa5829dc6af2713610.jpg,0
1666100667363_jpg.rf.f45294d7a9b288435d0a11182bcdd1100.jpg,1
1679672212248_jpg.rf.62437009d19c22981702fb95032a71f01.jpg,1
1666361255583_jpg.rf.77a9e2755e29748a7140ae89e37ca02c0.jpg,0
1666095931490_jpg.rf.f639d878787af127aa7acfe215778e9c2.jpg,2
1666100667047_jpg.rf.be300c97a2e30e69e0bd62e12feddbbb2.jpg,0
1666095930981_jpg.rf.e5a22c8b0cafcfffbd3b39c631212fca0.jpg,3
1666100666909_jpg.rf.e568d25352ff4238dd46ab09f1ead1581.jpg,0
1680560120091_jpg.rf.5dccf557f10266c4615ea3fedcc36c6a1.jpg,3
1666095931219_jpg.rf.b674af57b92cda799af0a5e46f5db5f72.jpg,0
1666095931139_jpg.rf.7cc9247fb1b61798eef2ef692207a0d80.jpg,0
1666095931617_jpg.rf.086448689a34ebc5b138e58874f2d8350.jpg,3
1666100667615_jpg.rf.59cd1423a0f7c24327745940b91726d03.jpg,2
1666100667540_jpg.rf.447c75de6162370178da22480b8b15232.jpg,2
1666100666927_jpg.rf.71c9cdd484e7e352f528001a1b80f48a1.jpg,0
1666361256388_jpg.rf.fcaf3125c8b7ef6c17f4fc37bbf0a6ea3.jpg,2
1666095930771_jpg.rf.0b4baf0d41e146c34c005b98e8a7cdaa0.jpg,0
1679672212058_jpg.rf.3efd7e7bd045301376ace7ed06e269b11.jpg,0
1666095931469_jpg.rf.82586142a2c6a08c1092ebd4dc188d310.jpg,2
1666100667146_jpg.rf.ac6cbe7fafd403c7e89a5f66058848f92.jpg,3
1666095931490_jpg.rf.f639d878787af127aa7acfe215778e9c0.jpg,1
1666361256020_jpg.rf.12b6a3e14f486e419abfb01dc0f2fbfb4.jpg,1
1679672212047_jpg.rf.804bd507b18033e73ef7a7dbec001bf21.jpg,1
1679672212082_jpg.rf.ca0d9abbbb47b0871c8020668b40b2211.jpg,3
1666361256286_jpg.rf.c5542312c48b22de89cc38219f15e0222.jpg,3
1680560120328_jpg.rf.c566e46b1ed2a660c37ec633cb7b48c12.jpg,1
1666100667210_jpg.rf.f860f7ae834869592e8bf11b2f82ab7c0.jpg,2
1680560119918_jpg.rf.09efb0223d0fdb117c3baf399141b7272.jpg,0
1680560119936_jpg.rf.a8e716077627ec93f9649bacbb792bd00.jpg,3
1666095931181_jpg.rf.c9ea357abb45feec79d0dc74ccc5a2f00.jpg,1
1666095931000_jpg.rf.09a2d9cf8245437130e78ba06ea8d1693.jpg,3
1666095931282_jpg.rf.abe8bf20ea0201c433328a3ab080bc8c1.jpg,2
1680647437895_jpg.rf.d04ee3fba5137f3b7e07542ff87e6f981.jpg,3
1666361256096_jpg.rf.99b268f6a22eeb628a48b916099e14e70.jpg,0
1680560120621_jpg.rf.c01acbd51038f54f4cb743e4f7334ebd1.jpg,1
1666361255598_jpg.rf.06d4a5958ad19a1b0bb2d7f7af1cbfbb2.jpg,3