1679672212082_jpg.rf.ca0d9abbbb47b0871c8020668b40b2210.jpg,1
1680560120221_jpg.rf.155fc01521e49c9ac70b18da5e3cc2620.jpg,1
1666095930710_jpg.rf.8662732b47c419cec890f30cf74a4a933.jpg,1
1679672212001_jpg.rf.6bd8bf8ef85b403b0516ba01bb61ad2d1.jpg,2
1666095930731_jpg.rf.b95a02af9cf0f87e04fe073f223b8b8d3.jpg,2
1666100667592_jpg.rf.dcdaa9783d3775544ebd113133fc79c00.jpg,2
1666361255880_jpg.rf.c289ef4eec30da3ac71e30eaec13c4012.jpg,2
1679672212082_jpg.rf.ca0d9abbbb47b0871c8020668b40b2212.jpg,0
1666100667159_jpg.rf.b08b323eb1577abcd3c30a6ba9fed06d0.jpg,0
1666361256337_jpg.rf.206aeb3ffb4ccefffadbe189715587a71.jpg,3
1680560120889_jpg.rf.2c03f13be04fb0a56396ac5f4795c4601.jpg,0
1666361256181_jpg.rf.32db3145f82d0584fb1010c560d70f490.jpg,2
1666361256370_jpg.rf.13561496a63708766cdf4940d8bb3e752.jpg,3
1666100667615_jpg.rf.59cd1423a0f7c24327745940b91726d01.jpg,3
1666361256199_jpg.rf.0602508a2422779c738efe3459a6f6ef2.jpg,2
1666100667604_jpg.rf.7fa541e61e7631e79b7580a76f3b8fef1.jpg,0
1679672212125_jpg.rf.d16fa7b1291c5022195129dc368e7eb01.jpg,2
1666361255743_jpg.rf.165a5ccc4a0da209c54dc349f59baccb3.jpg,0
1679672212070_jpg.rf.0cc7bf81c15885ad9b087d33611bde5f2.jpg,1
1666095931344_jpg.rf.90d3f5aabbbf00c3be6f2f309eb7ac971.jpg,2
1680560120421_jpg.rf.616ace054ad3a187e6756bf3e82c750b1.jpg,0
1666095931160_jpg.rf.721ce35e84cabc47a31a8441134709793.jpg,1
1680560120246_jpg.rf.1d37bd07a5d957d62bd76d69f0d85b792.jpg,1
1666095930855_jpg.rf.8a74b3560f10e1ce87c6b7513875acc03.jpg,1
1666095930874_jpg.rf.345e7275268c2db5f9724b7e7bf339a81.jpg,2
1666100667443_jpg.rf.109fc3f71c251bdffa8a7bedfbb1b23a0.jpg,0
1679672212001_jpg.rf.6bd8bf8ef85b403b0516ba01bb61ad2d2.jpg,1
1666361255697_jpg.rf.cc89ad942957f72f2eaad34bbf261cca3.jpg,1
1666095930960_jpg.rf.a5b96801ab8018e2c3e7ea52bf18f7ae2.jpg,2
1680560120489_jpg.rf.cc9ce722f446fdaa522b0d1b0b3ae2972.jpg,0
1666100666927_jpg.rf.71c9cdd484e7e352f528001a1b80f48a2.jpg,0
1666100667480_jpg.rf.7f633e318021e092ffdd41be90d939003.jpg,1
1680560119927_jpg.rf.63d65ee044ea0a09ae5bc96cb643335c2.jpg,1
1680560120045_jpg.rf.d56c8f5e3245b71d22411dda70fc9c172.jpg,1
1666100666890_jpg.rf.c3de62fce268c2bd0476e6370c9e13ec2.jpg,3
1666095930642_jpg.rf.8ea43cf94feb73051161ba949e869c171.jpg,0
1666095931721_jpg.rf.f0695fc94588ae92d76288ebdaee63d60.jpg,1
1680647437905_jpg.rf.6c031e7def6abca5b66d7d4be9e2389f0.jpg,0
1666361256388_jpg.rf.fcaf3125c8b7ef6c17f4fc37bbf0a6ea1.jpg,3
1666095931302_jpg.rf.b6c1692f86234da67fb04b66dfa40bda2.jpg,3
1666361255880_jpg.rf.c289ef4eec30da3ac71e30eaec13c4013.jpg,0
1666095930834_jpg.rf.7932fa63bad55bfa95582efdc3a338d80.jpg,1
1680647438108_jpg.rf.6320479f5c3a639dceaabc7a0ee6bf940.jpg,0
1680560120027_jpg.rf.08af6b267f551d13bd1f18efd18eafb31.jpg,1
1680560120253_jpg.rf.f2c79ea6d1ded7faa5829dc6af2713612.jpg,1
1666095931511_jpg.rf.5e1bfe8d1dbffbb5ef6003fb5f9115003.jpg,1
1680560120284_jpg.rf.a3fdf4d0d9936d227714509faf9a16f90.jpg,3
1666095931638_jpg.rf.fa5f0c12c4aced2b78a19f3391f9e18b0.jpg,3
1680560120489_jpg.rf.cc9ce722f446fdaa522b0d1b0b3ae2970.jpg,1
1680647437905_jpg.rf.6c031e7def6abca5b66d7d4be9e2389f1.jpg,0
1666361255665_jpg.rf.ce49f61ef2c85d9c9705756f0021f4ba2.jpg,0
1680560120133_jpg.rf.d1d583a2294b02ed4b973a2093460d330.jpg,1
1666095931324_jpg.rf.4976889e18ec774c8f9cff9adecc0ab13.jpg,1
1679672212058_jpg.rf.3efd7e7bd045301376ace7ed06e269b10.jpg,2
1666100667210_jpg.rf.f860f7ae834869592e8bf11b2f82ab7c2.jpg,0
1680560120437_jpg.rf.20c3e1f979da46bb358f0c309b7910080.jpg,3
1680560120215_jpg.rf.10ce6a966dc8291bcc334ba0881b2b591.jpg,0
1666361255778_jpg.rf.1dc631dbdb7e910a7d68ba3d25a484602.jpg,3
1666361255631_jpg.rf.f4987451bcf8679414b8a3d0d16d7df24.jpg,0
1679672212130_jpg.rf.75177fce2061fd786b0c51aca862c6371.jpg,2
1666100667031_jpg.rf.6f27cb5d410c203748a9134ffba2aba43.jpg,0
1666100667385_jpg.rf.02a18028ad23d9a1ed644a2aa83a09200.jpg,0
1666100667457_jpg.rf.09820811107d09139124e3e2488121e11.jpg,2
1666361255895_jpg.rf.337801ac9accbbc3548e11706782343d3.jpg,0
1666100666834_jpg.rf.b7074acca5770ff5fe88d486d0d985435.jpg,3
1666095931699_jpg.rf.79356c17e5089efa8797eed4bed692b73.jpg,3
1680560120364_jpg.rf.6221f931f907667fbf10372989aa99062.jpg,1
1666095931080_jpg.rf.057571e3b7e745c59bea7b09aefd3f3d2.jpg,2
1666100667015_jpg.rf.b3d3d5bf43867a57908a25a3f7b0bb6c2.jpg,3
1666100667312_jpg.rf.f311d4af31942751e849e9ad680d11ac1.jpg,0
1680647437911_jpg.rf.21d8490f1759f96ccc7f9331dedb14491.jpg,0
1680560119893_jpg.rf.b11ba7768ee580936afb9cf4a17620040.jpg,2
1666100666997_jpg.rf.d770e50cbacd362c6738a1e44255fb8e2.jpg,2
1666361256064_jpg.rf.c7bd1dd6b93b7d39bd0941edbb5727060.jpg,2
1666361256405_jpg.rf.3d9fbb1d5606829446a4fa8378cc115f1.jpg,2
1666095931080_jpg.rf.057571e3b7e745c59bea7b09aefd3f3d3.jpg,1
1679672212130_jpg.rf.75177fce2061fd786b0c51aca862c6372.jpg,1
1666095930855_jpg.rf.8a74b3560f10e1ce87c6b7513875acc01.jpg,2
1666095931699_jpg.rf.79356c17e5089efa8797eed4bed692b72.jpg,0
1666361255944_jpg.rf.4f3c8a7b0256b5e3082c8195e602f8134.jpg,1
1666100667172_jpg.rf.923634e5df1cc2b4309dbd0b304f273b0.jpg,0
1666100667015_jpg.rf.b3d3d5bf43867a57908a25a3f7b0bb6c4.jpg,1
1666095930923_jpg.rf.6b405aba4552ef556895fa07a7531d9c0.jpg,3
1666100666963_jpg.rf.42ce49f94fe22675c48f1cade49540670.jpg,2
1680560119993_jpg.rf.a7e6922ea835bd5c492836fbbb7da8f90.jpg,1
1680560119998_jpg.rf.edc0896aef34ca8062a4c4a028f73e710.jpg,0
1680560120138_jpg.rf.c98d13a1170df0db19d61d687965a3090.jpg,2
1679672212157_jpg.rf.34f8235210d8c372a915fe0a281f6c710.jpg,3
1666361256020_jpg.rf.12b6a3e14f486e419abfb01dc0f2fbfb0.jpg,2
1666100667515_jpg.rf.c229e9f34169f43fc5fd46a52db01bf70.jpg,3
1666095931554_jpg.rf.0b7b3e4b323e9834a479903a7ae077742.jpg,3
1680560120195_jpg.rf.115cb16e57b75dd8bbda44606bdd0d8e0.jpg,0
1666095931324_jpg.rf.4976889e18ec774c8f9cff9adecc0ab10.jpg,2
1666361256005_jpg.rf.1218011f9fe478320ec18495098289704.jpg,1
1666095931219_jpg.rf.b674af57b92cda799af0a5e46f5db5f73.jpg,3
1679672212165_jpg.rf.9b8fb25f1f283eb85b335a234ce6b39c1.jpg,0
1666095931405_jpg.rf.64e5265c71b0ecd1f9ff67c88f6049421.jpg,2
1666361256424_jpg.rf.c62188acbe5fb3eac481751e976e711f1.jpg,3
1666100666945_jpg.rf.ac2adf4740f2f4e7e0501210788358e40.jpg,2
1679672212013_jpg.rf.6af91145f88d5d88f731dc7036f77cce1.jpg,0
1680560120437_jpg.rf.20c3e1f979da46bb358f0c309b7910082.jpg,0
1666095930656_jpg.rf.8d4ffa164433657b34dbaad1a45496210.jpg,0
1666095931575_jpg.rf.c59b7a34b9295ca9cd91701f30ca290a1.jpg,3
1666361255598_jpg.rf.06d4a5958ad19a1b0bb2d7f7af1cbfbb4.jpg,0
1680560120125_jpg.rf.40c83ee89bc1e4d95ab20b33519d8c7d1.jpg,0
1679672212090_jpg.rf.41985651e80d9b316b008d4692c04c3b0.jpg,0
1666100666945_jpg.rf.ac2adf4740f2f4e7e0501210788358e41.jpg,2
1666361256020_jpg.rf.12b6a3e14f486e419abfb01dc0f2fbfb1.jpg,2
1666361256267_jpg.rf.98cae59f56170e29beddc38ff208973f1.jpg,2
1666361255959_jpg.rf.e41f383694f03e66009fee47cb0984cc2.jpg,0
1666095930630_jpg.rf.12f65ce25103e0ba664bc2469ca020220.jpg,2
1679672212023_jpg.rf.5826a19712d7ca0b936668d148914d192.jpg,1
1666361255990_jpg.rf.3bfb4355fc2dc0aae0a7bbf5d8cae56d4.jpg,0
1666361256319_jpg.rf.537b2811c15ea8d9d894d6f31a32889a1.jpg,3
1679672212237_jpg.rf.35cb0b14ba095d2538a44938afb0ed580.jpg,0
1680560120177_jpg.rf.b74affbbed3300f8efb8ea71d3138f821.jpg,0
1666361255975_jpg.rf.5296f8454d1af845de0c513b18cbd4b41.jpg,3
1680560120654_jpg.rf.4c8c3251ea10e800993c409e611372e81.jpg,0
1680560120279_jpg.rf.a4df2b52644f17da0fb90cca4f6fd4041.jpg,1
1679672212237_jpg.rf.35cb0b14ba095d2538a44938afb0ed582.jpg,1
1666100667615_jpg.rf.59cd1423a0f7c24327745940b91726d02.jpg,0
1666361256405_jpg.rf.3d9fbb1d5606829446a4fa8378cc115f2.jpg,3
1666100666853_jpg.rf.1a473c4aaf5c61c53c3eedb1096c287d4.jpg,3
1666100667527_jpg.rf.97fbe257d4e7337923b74075c3b70c463.jpg,2
1666095931181_jpg.rf.c9ea357abb45feec79d0dc74ccc5a2f01.jpg,3
1666361256302_jpg.rf.aaa83c6ac83db9716b5389da30f9ceca3.jpg,3
1666100667260_jpg.rf.bbe602d7d25401b47a5e9e52bc9186e31.jpg,3
1666095931448_jpg.rf.cc9a5ad39894a3137f269ee1d25dcfaa3.jpg,2
1666100666777_jpg.rf.d2f1b0247acc57eb1f1aa2f3353fafea1.jpg,0
1666361256267_jpg.rf.98cae59f56170e29beddc38ff208973f2.jpg,0
1666100667210_jpg.rf.f860f7ae834869592e8bf11b2f82ab7c1.jpg,3
1666100667222_jpg.rf.37b25e1585f16f12d04e75d607f93aec2.jpg,2
1680560120184_jpg.rf.648669d70b52876c60ce971fb7f7b29c0.jpg,3
1666100667565_jpg.rf.dd377c36e27d06e91afbb51151e02d822.jpg,0
1666095930923_jpg.rf.6b405aba4552ef556895fa07a7531d9c3.jpg,0
1680560120195_jpg.rf.115cb16e57b75dd8bbda44606bdd0d8e1.jpg,0
1666095930622_jpg.rf.40c08b502195ba0862786f68a6c35a924.jpg,2
1666100666997_jpg.rf.d770e50cbacd362c6738a1e44255fb8e0.jpg,0
1666095930749_jpg.rf.5ccd96425ba4ae84170c86cb0a0551831.jpg,0
1666095930806_jpg.rf.4cf2b91eb7654b7bff43213a8e711ead0.jpg,2
1666095930806_jpg.rf.4cf2b91eb7654b7bff43213a8e711ead1.jpg,0
1680560120019_jpg.rf.8a9bb987c88860f5b71d6a2f1541a2732.jpg,1
1680560120272_jpg.rf.838eafc0f79f5e5c7ce5a92daf088ab52.jpg,0
1666095930642_jpg.rf.8ea43cf94feb73051161ba949e869c173.jpg,3
1666100667312_jpg.rf.f311d4af31942751e849e9ad680d11ac0.jpg,3
1680560120075_jpg.rf.389cd899bfb7bb3675bf073eea9d44391.jpg,0
1666100667133_jpg.rf.7845e751183eefddad557b08d2f3c0e93.jpg,1
1666361255990_jpg.rf.3bfb4355fc2dc0aae0a7bbf5d8cae56d2.jpg,2
1666100667396_jpg.rf.deac43671317594faeccd5bdad1d02cc2.jpg,0
1666361256130_jpg.rf.32f14e0d668a21f1a3616530c74f23454.jpg,2
1666361256267_jpg.rf.98cae59f56170e29beddc38ff208973f3.jpg,1
1680560120233_jpg.rf.f7168b3bda1eab0ad65ee738c2333e9b2.jpg,1
1666361255990_jpg.rf.3bfb4355fc2dc0aae0a7bbf5d8cae56d1.jpg,0
1679672212144_jpg.rf.19c9ac0d0c72ad22f0ac2a078393f2080.jpg,1
1680647438103_jpg.rf.e4f5b19877a0e35793ed62bfc6cca75c2.jpg,0
1666095930923_jpg.rf.6b405aba4552ef556895fa07a7531d9c4.jpg,3
1666100667121_jpg.rf.e36d1808975599841d8ee486eaf4720e3.jpg,1
1680560120288_jpg.rf.aadc0f738a4a71406cda6df992dde5451.jpg,3
1666100667172_jpg.rf.923634e5df1cc2b4309dbd0b304f273b2.jpg,2
1666361255841_jpg.rf.fe36591afd59702e36def6bd06fb889d3.jpg,0
1680647438095_jpg.rf.0e1283a2acdcc54b61e6846945ed346b1.jpg,3
1666100667604_jpg.rf.7fa541e61e7631e79b7580a76f3b8fef2.jpg,2
1666361256165_jpg.rf.86f276dbbb65a7db961c97146f1b49450.jpg,1
1680560120889_jpg.rf.2c03f13be04fb0a56396ac5f4795c4602.jpg,3
1679672212171_jpg.rf.4607f55b11160f1041d1aa6874cef3440.jpg,2
1666100666890_jpg.rf.c3de62fce268c2bd0476e6370c9e13ec0.jpg,0
1666361255841_jpg.rf.fe36591afd59702e36def6bd06fb889d2.jpg,2
1666100667121_jpg.rf.e36d1808975599841d8ee486eaf4720e1.jpg,3
1666095931042_jpg.rf.4ed2af7378d2c4ba92430e15e7beda292.jpg,0
1680560120328_jpg.rf.c566e46b1ed2a660c37ec633cb7b48c11.jpg,2
1680560119998_jpg.rf.edc0896aef34ca8062a4c4a028f73e712.jpg,1
1666100667443_jpg.rf.109fc3f71c251bdffa8a7bedfbb1b23a1.jpg,3
1679672212171_jpg.rf.4607f55b11160f1041d1aa6874cef3441.jpg,0
1680560120239_jpg.rf.e47c08df82f62fca5c2b723ccc1701492.jpg,2
1679672212266_jpg.rf.a0e276751bb7fdaff70fed4cbedd2aa70.jpg,0
1666100667325_jpg.rf.c59a62642c7d8ed706ddcc8d29b784a33.jpg,1
1666095931679_jpg.rf.59c35cb1a5143f52410d9511f4cc57293.jpg,3
1666361255975_jpg.rf.5296f8454d1af845de0c513b18cbd4b43.jpg,0
1666361255778_jpg.rf.1dc631dbdb7e910a7d68ba3d25a484603.jpg,1
1680560119967_jpg.rf.b825771c59562e89b6e390f6baad297e2.jpg,1
1666100667443_jpg.rf.109fc3f71c251bdffa8a7bedfbb1b23a2.jpg,2
1666095931575_jpg.rf.c59b7a34b9295ca9cd91701f30ca290a0.jpg,2
1679672212157_jpg.rf.34f8235210d8c372a915fe0a281f6c711.jpg,0
1666361255860_jpg.rf.4d2a4ec507724099c4670d60df07c63f4.jpg,1
1680560120364_jpg.rf.6221f931f907667fbf10372989aa99061.jpg,3
1680560120353_jpg.rf.f4859c36b886ad1db26180cf3bc986311.jpg,3
1666095931200_jpg.rf.0e0dd880a30eab9fec3f40d1d4bdb0873.jpg,2
1666100667502_jpg.rf.90ac7b43c8b8af8a6fbf1c05f646e7c32.jpg,1
1679672212090_jpg.rf.41985651e80d9b316b008d4692c04c3b2.jpg,1
1666100667457_jpg.rf.09820811107d09139124e3e2488121e13.jpg,1
1666361256050_jpg.rf.4366b0c85c28b3519b21e85a3146f9410.jpg,2
1666095930907_jpg.rf.95fefca32c81b755d92d1e6a469a7a262.jpg,0
1680560120896_jpg.rf.85e9c2a742a68250eafc5f11ac908e742.jpg,1
1666100667286_jpg.rf.0a3bab61ad8f081a906f9a8f07b236db3.jpg,1
1666095931000_jpg.rf.09a2d9cf8245437130e78ba06ea8d1691.jpg,0
1680560120641_jpg.rf.25bbb7d14cfaa6eb9aab8a3c5f5bac8c1.jpg,0
1666095930960_jpg.rf.a5b96801ab8018e2c3e7ea52bf18f7ae0.jpg,3
1666100667468_jpg.rf.f954e7b153f326acafea3d9d646092210.jpg,1
1666095930771_jpg.rf.0b4baf0d41e146c34c005b98e8a7cdaa2.jpg,2
1680647438032_jpg.rf.aa83cd10a452cab3842ad0575a05d0ab0.jpg,0
1666095931118_jpg.rf.188158b57a65006dbcc3e5a7441bf1a03.jpg,0
1666095930942_jpg.rf.ca9b5970f54c3d74d094a9f10e52b89a1.jpg,0
1679672211956_jpg.rf.0c5a1afccf22c0a06e737e0537c862840.jpg,1
1680560120318_jpg.rf.cecaa3210267c83eb2bde1c68931189d2.jpg,1
1666100667286_jpg.rf.0a3bab61ad8f081a906f9a8f07b236db0.jpg,3
1666095930673_jpg.rf.a5634d16629653824b4bf82dfffaef902.jpg,0
1680560119947_jpg.rf.13e4cfa1f9e03377c432261176063b872.jpg,1
1666361256050_jpg.rf.4366b0c85c28b3519b21e85a3146f9413.jpg,1
1666100667234_jpg.rf.2ba4ee1e7656422eec2cd20bd2d309883.jpg,2
1679672212144_jpg.rf.19c9ac0d0c72ad22f0ac2a078393f2081.jpg,0
1666095930710_jpg.rf.8662732b47c419cec890f30cf74a4a932.jpg,2
1680560120013_jpg.rf.eed1e1ad34dd357b8c5c50f751d6707d2.jpg,0
1680560120279_jpg.rf.a4df2b52644f17da0fb90cca4f6fd4042.jpg,3
1680647438003_jpg.rf.5b67e1a03ced79c659ec4c62214a82570.jpg,2
1680560120654_jpg.rf.4c8c3251ea10e800993c409e611372e82.jpg,1
1666100667515_jpg.rf.c229e9f34169f43fc5fd46a52db01bf72.jpg,1
1666095931098_jpg.rf.38c996a514a78355904f8096780695bf1.jpg,2
1666100667540_jpg.rf.447c75de6162370178da22480b8b15230.jpg,1
1666095931427_jpg.rf.a9ebbf6e9f60d8141bbb7eee1a71788e2.jpg,1
1680560119987_jpg.rf.5b8298cfe37f3a33abcc358be82c85ce1.jpg,0
1666100667339_jpg.rf.d6b62028316018f3e32394a4de1cd0d50.jpg,0
1680560120896_jpg.rf.85e9c2a742a68250eafc5f11ac908e741.jpg,0
1666095930960_jpg.rf.a5b96801ab8018e2c3e7ea52bf18f7ae1.jpg,2
1666100667615_jpg.rf.59cd1423a0f7c24327745940b91726d00.jpg,1
1666361255720_jpg.rf.a9b77ad9996793e176920d74117a78b60.jpg,1
1666095930673_jpg.rf.a5634d16629653824b4bf82dfffaef900.jpg,1
1680560120106_jpg.rf.e9bd6604ab3dd02c7726089ff1e5bf602.jpg,2
1666100667363_jpg.rf.f45294d7a9b288435d0a11182bcdd1103.jpg,2
1666361256096_jpg.rf.99b268f6a22eeb628a48b916099e14e73.jpg,0
1666095931617_jpg.rf.086448689a34ebc5b138e58874f2d8354.jpg,1
1666361256035_jpg.rf.744d5d3554ef17f2a46279e4ae4944b81.jpg,3
1666095930656_jpg.rf.8d4ffa164433657b34dbaad1a45496212.jpg,3
1680560120889_jpg.rf.2c03f13be04fb0a56396ac5f4795c4600.jpg,0
1666100667480_jpg.rf.7f633e318021e092ffdd41be90d939002.jpg,0
1680560120165_jpg.rf.02e3fd3d903bfb1452af5191479dc1fe2.jpg,1
1666361255583_jpg.rf.77a9e2755e29748a7140ae89e37ca02c4.jpg,3
1666095931763_jpg.rf.1452cec97aaad3986ee6b9bc2edabdd11.jpg,2
1666095930792_jpg.rf.d1d5e394974d53919c8448626f17a9620.jpg,0
1666095931021_jpg.rf.96991933c6c83a39f4975d20f881abcb1.jpg,2
1666361255927_jpg.rf.33def151900c454a8091e4e51b1730c30.jpg,2
1666095930890_jpg.rf.cc82334b43bad1617d95b394cd25d30d0.jpg,2
1666100667015_jpg.rf.b3d3d5bf43867a57908a25a3f7b0bb6c1.jpg,2
1666100667374_jpg.rf.58c1791bfad4740fe72a49a663cb411d1.jpg,3
1666361256020_jpg.rf.12b6a3e14f486e419abfb01dc0f2fbfb2.jpg,2
1666100666834_jpg.rf.b7074acca5770ff5fe88d486d0d985431.jpg,0
1666100667079_jpg.rf.fa356c30e2ee1d7fe71ab79c9e31c1d31.jpg,3
1666361255697_jpg.rf.cc89ad942957f72f2eaad34bbf261cca2.jpg,0
1680560120349_jpg.rf.569bb929c9e94082762ac3ef0aa54eb02.jpg,0
1666100667515_jpg.rf.c229e9f34169f43fc5fd46a52db01bf71.jpg,2
1666095931699_jpg.rf.79356c17e5089efa8797eed4bed692b70.jpg,1
1666100666909_jpg.rf.e568d25352ff4238dd46ab09f1ead1582.jpg,3
1666100667146_jpg.rf.ac6cbe7fafd403c7e89a5f66058848f90.jpg,0
1680560120279_jpg.rf.a4df2b52644f17da0fb90cca4f6fd4040.jpg,0
1666361256181_jpg.rf.32db3145f82d0584fb1010c560d70f492.jpg,3
1666361256035_jpg.rf.744d5d3554ef17f2a46279e4ae4944b83.jpg,2
1666095930820_jpg.rf.c6ebb2eb10157afa83252936ec5dce1e2.jpg,0
1680560120284_jpg.rf.a3fdf4d0d9936d227714509faf9a16f92.jpg,1
1679672212151_jpg.rf.52e4188b88d25621ea39347d1549102b1.jpg,1
1666361256319_jpg.rf.537b2811c15ea8d9d894d6f31a32889a0.jpg,1
1680560119876_jpg.rf.a0a1f7bee2c13c1d177822ec077cb3710.jpg,1
1666095931638_jpg.rf.fa5f0c12c4aced2b78a19f3391f9e18b3.jpg,2
1680560120039_jpg.rf.48c59570325a32a234f2d2f14f13f0ab2.jpg,2
1666100666777_jpg.rf.d2f1b0247acc57eb1f1aa2f3353fafea3.jpg,0
1679672212216_jpg.rf.8f813cd38a7936b28a91094c943a2e512.jpg,1
1666095931742_jpg.rf.1bc32d2de9ead59c9e5359f2890a03ff1.jpg,0
1680560120318_jpg.rf.cecaa3210267c83eb2bde1c68931189d0.jpg,0
1666100666945_jpg.rf.ac2adf4740f2f4e7e0501210788358e42.jpg,1
1666361255895_jpg.rf.337801ac9accbbc3548e11706782343d1.jpg,2
1680560120233_jpg.rf.f7168b3bda1eab0ad65ee738c2333e9b1.jpg,0
1666100667248_jpg.rf.77126de6bca1a9b7132e67d84cf9a4bf3.jpg,1
1680560120253_jpg.rf.f2c79ea6d1ded7faa5829dc6af2713611.jpg,0
1666095931763_jpg.rf.1452cec97aaad3986ee6b9bc2edabdd10.jpg,2
1680560120353_jpg.rf.f4859c36b886ad1db26180cf3bc986310.jpg,0
1666100667420_jpg.rf.ba812c42153d126cab6e55600964d6490.jpg,3
1666095931282_jpg.rf.abe8bf20ea0201c433328a3ab080bc8c0.jpg,1
1679672212090_jpg.rf.41985651e80d9b316b008d4692c04c3b1.jpg,0
1666095930820_jpg.rf.c6ebb2eb10157afa83252936ec5dce1e1.jpg,0
1666100667273_jpg.rf.5384efc61388c0cae6a0ecda724c41ef3.jpg,1
1666361255841_jpg.rf.fe36591afd59702e36def6bd06fb889d4.jpg,1
1666095931659_jpg.rf.9fc779a304787a0515337daa306e2d853.jpg,1
1666361255720_jpg.rf.a9b77ad9996793e176920d74117a78b61.jpg,2
1666095931721_jpg.rf.f0695fc94588ae92d76288ebdaee63d62.jpg,3
1680647438032_jpg.rf.aa83cd10a452cab3842ad0575a05d0ab2.jpg,1
1666100667480_jpg.rf.7f633e318021e092ffdd41be90d939004.jpg,0
1666095930642_jpg.rf.8ea43cf94feb73051161ba949e869c174.jpg,2
1666361256302_jpg.rf.aaa83c6ac83db9716b5389da30f9ceca2.jpg,3
1680560120209_jpg.rf.8ad19ec1ff7b67f9f22d1e9be8825ae50.jpg,0
1666100667553_jpg.rf.0d49b3b94535fb2c14897faf0c4621993.jpg,1
1679672212125_jpg.rf.d16fa7b1291c5022195129dc368e7eb02.jpg,1
1680560120177_jpg.rf.b74affbbed3300f8efb8ea71d3138f820.jpg,1
1680560120896_jpg.rf.85e9c2a742a68250eafc5f11ac908e740.jpg,0
1679672212023_jpg.rf.5826a19712d7ca0b936668d148914d190.jpg,2
1666361255683_jpg.rf.a2a8a23d22296722db9659d0fc992f3a0.jpg,2
1666100667363_jpg.rf.f45294d7a9b288435d0a11182bcdd1101.jpg,3
1666095930960_jpg.rf.a5b96801ab8018e2c3e7ea52bf18f7ae3.jpg,1
1666095931511_jpg.rf.5e1bfe8d1dbffbb5ef6003fb5f9115002.jpg,2
1666095930693_jpg.rf.70fce6c4629c0bbd48a3039496af7e312.jpg,1
1666100667468_jpg.rf.f954e7b153f326acafea3d9d646092211.jpg,2
1680560120138_jpg.rf.c98d13a1170df0db19d61d687965a3092.jpg,0
1666361256130_jpg.rf.32f14e0d668a21f1a3616530c74f23451.jpg,3
1679672212105_jpg.rf.d6ab86bbc0eb55849ad4e6f78643b66e2.jpg,0
1680560120288_jpg.rf.aadc0f738a4a71406cda6df992dde5450.jpg,1
1680647438095_jpg.rf.0e1283a2acdcc54b61e6846945ed346b0.jpg,1
1666100667325_jpg.rf.c59a62642c7d8ed706ddcc8d29b784a31.jpg,0
1666095931302_jpg.rf.b6c1692f86234da67fb04b66dfa40bda1.jpg,0
1666095931139_jpg.rf.7cc9247fb1b61798eef2ef692207a0d82.jpg,2
1680560120058_jpg.rf.b37617cad4d9ed40a828c783c1708cd82.jpg,1
1680647438032_jpg.rf.aa83cd10a452cab3842ad0575a05d0ab1.jpg,0
1680560120058_jpg.rf.b37617cad4d9ed40a828c783c1708cd80.jpg,0
1666100667408_jpg.rf.3348895d304046df6ec33f1db2cdd3053.jpg,2
1666095931060_jpg.rf.857bb3546c040cb8c8117ad6cd6513f31.jpg,0
1666361255631_jpg.rf.f4987451bcf8679414b8a3d0d16d7df21.jpg,3
1666361256251_jpg.rf.07d5209de2f9f8f5dc565f39a1e919780.jpg,2
1666100667063_jpg.rf.74381c4354357a8a4d7ff37fb88ca2fe1.jpg,3
1680560120496_jpg.rf.73595c6e81b3d9fec5b8c855eb6c834f1.jpg,1
1679672211956_jpg.rf.0c5a1afccf22c0a06e737e0537c862841.jpg,2
1666100667396_jpg.rf.deac43671317594faeccd5bdad1d02cc1.jpg,3
1666095931367_jpg.rf.1eefdf896001d992b5d9c54aabf208091.jpg,3
1666361256337_jpg.rf.206aeb3ffb4ccefffadbe189715587a73.jpg,1
1666361255648_jpg.rf.58c5c8e062aea9f5bb34ad13585b74c52.jpg,0
1666095930806_jpg.rf.4cf2b91eb7654b7bff43213a8e711ead3.jpg,1
1680560119936_jpg.rf.a8e716077627ec93f9649bacbb792bd02.jpg,0
1666361256286_jpg.rf.c5542312c48b22de89cc38219f15e0221.jpg,0
1666095931448_jpg.rf.cc9a5ad39894a3137f269ee1d25dcfaa2.jpg,0
1666361256130_jpg.rf.32f14e0d668a21f1a3616530c74f23452.jpg,3
1666095930693_jpg.rf.70fce6c4629c0bbd48a3039496af7e311.jpg,2
1666100667385_jpg.rf.02a18028ad23d9a1ed644a2aa83a09203.jpg,1
1680560120067_jpg.rf.ed191824b43eb78178e27ed95af16fb02.jpg,1
1666361256405_jpg.rf.3d9fbb1d5606829446a4fa8378cc115f4.jpg,0
1666361256147_jpg.rf.885ce4526b62cbb586f656c97fd5e45d2.jpg,2
1666361255910_jpg.rf.d6e23d1026d65d4617379da42e83c13f1.jpg,3
1666100667079_jpg.rf.fa356c30e2ee1d7fe71ab79c9e31c1d32.jpg,0
1666100667565_jpg.rf.dd377c36e27d06e91afbb51151e02d821.jpg,3
1666361256050_jpg.rf.4366b0c85c28b3519b21e85a3146f9412.jpg,0
1666095931388_jpg.rf.8618fd4b5add3cd7d2cd97b22817aa7f3.jpg,1
1666361256234_jpg.rf.c492128f31c43a4b8c7de8c6225b92180.jpg,2
1666095931261_jpg.rf.fc0b68e2fc1c2f59f59b73392adb17bd1.jpg,3
1680560120051_jpg.rf.f9a2c4f5e58999b1c8e87e2219c78b890.jpg,1
1680560120215_jpg.rf.10ce6a966dc8291bcc334ba0881b2b592.jpg,1
1666361255841_jpg.rf.fe36591afd59702e36def6bd06fb889d1.jpg,3
1666100667234_jpg.rf.2ba4ee1e7656422eec2cd20bd2d309880.jpg,3
1666095931060_jpg.rf.857bb3546c040cb8c8117ad6cd6513f30.jpg,1
1666361255910_jpg.rf.d6e23d1026d65d4617379da42e83c13f0.jpg,0
1666361255648_jpg.rf.58c5c8e062aea9f5bb34ad13585b74c53.jpg,2
1666100667491_jpg.rf.ada689fa31a009ca77c3530e423385e90.jpg,0
1680560120496_jpg.rf.73595c6e81b3d9fec5b8c855eb6c834f2.jpg,3
1680560120184_jpg.rf.648669d70b52876c60ce971fb7f7b29c2.jpg,1
1666100667248_jpg.rf.77126de6bca1a9b7132e67d84cf9a4bf1.jpg,2
1666100667210_jpg.rf.f860f7ae834869592e8bf11b2f82ab7c3.jpg,0
1680560120144_jpg.rf.008b0a6ab8319256e2e09206e600b8420.jpg,0
1666095931534_jpg.rf.c517f7f4e7cf8d4b935323888f3153360.jpg,1
1680560120349_jpg.rf.569bb929c9e94082762ac3ef0aa54eb01.jpg,0
1666095931219_jpg.rf.b674af57b92cda799af0a5e46f5db5f70.jpg,3
1666100667579_jpg.rf.9d9bfeac0c43e4c161265d42976a32bb3.jpg,1
1666095931302_jpg.rf.b6c1692f86234da67fb04b66dfa40bda3.jpg,1
1680560120033_jpg.rf.77078183255061d2d12ec12e70855df20.jpg,2
1666361256130_jpg.rf.32f14e0d668a21f1a3616530c74f23450.jpg,1
1666361255615_jpg.rf.c4a6679c6e10d62311abc77e3b03c9dc1.jpg,3
1666361255665_jpg.rf.ce49f61ef2c85d9c9705756f0021f4ba0.jpg,1
1666095930981_jpg.rf.e5a22c8b0cafcfffbd3b39c631212fca2.jpg,2
1679672212203_jpg.rf.b4073434ff9db892a1ff752b2a6b05311.jpg,1
1680560120170_jpg.rf.4483c792399b88380444dae3fccc95790.jpg,0
1666100666834_jpg.rf.b7074acca5770ff5fe88d486d0d985432.jpg,3
1666361256079_jpg.rf.b43e5af7e21f35a95f939ce9483667261.jpg,0
1666100667146_jpg.rf.ac6cbe7fafd403c7e89a5f66058848f93.jpg,1
1666361256096_jpg.rf.99b268f6a22eeb628a48b916099e14e74.jpg,1
1666100666909_jpg.rf.e568d25352ff4238dd46ab09f1ead1583.jpg,1
1666095931261_jpg.rf.fc0b68e2fc1c2f59f59b73392adb17bd2.jpg,3
1666100666871_jpg.rf.2395083dddbb41b3677daccbfed109fb2.jpg,2
1680560119958_jpg.rf.72c3f61b955f2ea85e257d1cb4c9dfe21.jpg,0
1666100666853_jpg.rf.1a473c4aaf5c61c53c3eedb1096c287d2.jpg,0
1666100667196_jpg.rf.72dbbdb2cc7a3e58c86edf653138f3bd2.jpg,0
1680560120177_jpg.rf.b74affbbed3300f8efb8ea71d3138f822.jpg,3
1679672212001_jpg.rf.6bd8bf8ef85b403b0516ba01bb61ad2d0.jpg,0
1680560120215_jpg.rf.10ce6a966dc8291bcc334ba0881b2b590.jpg,0
1680560120641_jpg.rf.25bbb7d14cfaa6eb9aab8a3c5f5bac8c2.jpg,2
1680560120318_jpg.rf.cecaa3210267c83eb2bde1c68931189d1.jpg,3
1666095931160_jpg.rf.721ce35e84cabc47a31a8441134709790.jpg,2
1680560120106_jpg.rf.e9bd6604ab3dd02c7726089ff1e5bf600.jpg,1
1666100666963_jpg.rf.42ce49f94fe22675c48f1cade49540672.jpg,0
1666095930890_jpg.rf.cc82334b43bad1617d95b394cd25d30d1.jpg,0
1666361256064_jpg.rf.c7bd1dd6b93b7d39bd0941edbb5727064.jpg,1
1680647438108_jpg.rf.6320479f5c3a639dceaabc7a0ee6bf942.jpg,1
1680560120111_jpg.rf.44d0e769e2878cc1cc9fd1ddd3861b3a1.jpg,1
1666361255860_jpg.rf.4d2a4ec507724099c4670d60df07c63f3.jpg,0
1666361256405_jpg.rf.3d9fbb1d5606829446a4fa8378cc115f3.jpg,0
1666100666853_jpg.rf.1a473c4aaf5c61c53c3eedb1096c287d0.jpg,1
1666100667385_jpg.rf.02a18028ad23d9a1ed644a2aa83a09201.jpg,2
1666095931388_jpg.rf.8618fd4b5add3cd7d2cd97b22817aa7f0.jpg,0
1680560119885_jpg.rf.a4eb9c5c02ecaeb4f361ab3ea4e707e11.jpg,0
1680560119885_jpg.rf.a4eb9c5c02ecaeb4f361ab3ea4e707e12.jpg,2
1666095931659_jpg.rf.9fc779a304787a0515337daa306e2d852.jpg,3
1680560120301_jpg.rf.ebe00e844f6b87516a5d0e9f0ad3fb860.jpg,3
1679672212227_jpg.rf.60ffb12575d0d5f11327d944f33600bd2.jpg,0
1666100667015_jpg.rf.b3d3d5bf43867a57908a25a3f7b0bb6c0.jpg,0
1680647438088_jpg.rf.17d067f7e82bd451d2506e60b9f0f3432.jpg,1
1679672212098_jpg.rf.04272250035b6a059f7eedfefb37306c2.jpg,0
1666361256234_jpg.rf.c492128f31c43a4b8c7de8c6225b92182.jpg,3
1680560120165_jpg.rf.02e3fd3d903bfb1452af5191479dc1fe0.jpg,0
1666361255819_jpg.rf.34d5360efc8340a582ce9a076007ef244.jpg,1
1680647438011_jpg.rf.3194e0b57acbdc039e5dec87b161be4c0.jpg,3
1680560120421_jpg.rf.616ace054ad3a187e6756bf3e82c750b0.jpg,1
1666361255860_jpg.rf.4d2a4ec507724099c4670d60df07c63f2.jpg,2
1666095931659_jpg.rf.9fc779a304787a0515337daa306e2d850.jpg,0
1666100667430_jpg.rf.2d3cc4ffef7932d9d526704814a13eef3.jpg,2
1666100667159_jpg.rf.b08b323eb1577abcd3c30a6ba9fed06d2.jpg,3
1666361256218_jpg.rf.b64314761fb8faafdfce2bdb7b0cd3634.jpg,1
1666095930642_jpg.rf.8ea43cf94feb73051161ba949e869c172.jpg,0
1666095931469_jpg.rf.82586142a2c6a08c1092ebd4dc188d311.jpg,3
1680560120308_jpg.rf.5f95011d33325dddd88b869c269f04ed0.jpg,0
1680647438108_jpg.rf.6320479f5c3a639dceaabc7a0ee6bf941.jpg,2
1666095931042_jpg.rf.4ed2af7378d2c4ba92430e15e7beda290.jpg,2
1679672211989_jpg.rf.f95df91f09971b55958c83b88149e8412.jpg,3
1666100667133_jpg.rf.7845e751183eefddad557b08d2f3c0e90.jpg,3
1666095931427_jpg.rf.a9ebbf6e9f60d8141bbb7eee1a71788e0.jpg,2
1666095930792_jpg.rf.d1d5e394974d53919c8448626f17a9623.jpg,1
1680647438103_jpg.rf.e4f5b19877a0e35793ed62bfc6cca75c0.jpg,1
1666361256337_jpg.rf.206aeb3ffb4ccefffadbe189715587a72.jpg,0
1679672212203_jpg.rf.b4073434ff9db892a1ff752b2a6b05310.jpg,2
1680560120013_jpg.rf.eed1e1ad34dd357b8c5c50f751d6707d1.jpg,3
1666100667408_jpg.rf.3348895d304046df6ec33f1db2cdd3050.jpg,0
1666361255583_jpg.rf.77a9e2755e29748a7140ae89e37ca02c3.jpg,0
1666361255959_jpg.rf.e41f383694f03e66009fee47cb0984cc1.jpg,3
1679672212216_jpg.rf.8f813cd38a7936b28a91094c943a2e510.jpg,0
1666095931596_jpg.rf.0d623655f85a8580fedff556f1ecc73b2.jpg,2
1680560120227_jpg.rf.979d726ddd73b489c9f12b08de31b0630.jpg,0
1666361256113_jpg.rf.0d371b0b15f8305d0ff5c43d7668a5c61.jpg,0
1666095931617_jpg.rf.086448689a34ebc5b138e58874f2d8351.jpg,0
1666100667491_jpg.rf.ada689fa31a009ca77c3530e423385e92.jpg,2
1680560120332_jpg.rf.d85acfcfc82efa643ed5776e09ffc2e81.jpg,1
1666100667592_jpg.rf.dcdaa9783d3775544ebd113133fc79c02.jpg,3
1680560120209_jpg.rf.8ad19ec1ff7b67f9f22d1e9be8825ae51.jpg,2
1666100667047_jpg.rf.be300c97a2e30e69e0bd62e12feddbbb3.jpg,1
1666095931344_jpg.rf.90d3f5aabbbf00c3be6f2f309eb7ac970.jpg,1
1666095930855_jpg.rf.8a74b3560f10e1ce87c6b7513875acc00.jpg,2
1666361255648_jpg.rf.58c5c8e062aea9f5bb34ad13585b74c54.jpg,3
1666100667480_jpg.rf.7f633e318021e092ffdd41be90d939001.jpg,2
1666095930874_jpg.rf.345e7275268c2db5f9724b7e7bf339a80.jpg,0
1666100667553_jpg.rf.0d49b3b94535fb2c14897faf0c4621990.jpg,0
1666100666812_jpg.rf.917012fd1855f289006115349848f2e22.jpg,0
1666361255880_jpg.rf.c289ef4eec30da3ac71e30eaec13c4011.jpg,3
1666100667047_jpg.rf.be300c97a2e30e69e0bd62e12feddbbb1.jpg,2
1679672212111_jpg.rf.d370218dfd2c4ad6315bc8295052390e2.jpg,1
1666361255683_jpg.rf.a2a8a23d22296722db9659d0fc992f3a3.jpg,1
1680560120006_jpg.rf.b04ee0cbb670a5e95b939611ba8ceed92.jpg,1
1666361256181_jpg.rf.32db3145f82d0584fb1010c560d70f493.jpg,1
1666095931200_jpg.rf.0e0dd880a30eab9fec3f40d1d4bdb0874.jpg,3
1680560119927_jpg.rf.63d65ee044ea0a09ae5bc96cb643335c0.jpg,0
1666095930855_jpg.rf.8a74b3560f10e1ce87c6b7513875acc02.jpg,0
1666361256199_jpg.rf.0602508a2422779c738efe3459a6f6ef4.jpg,1
1666361255743_jpg.rf.165a5ccc4a0da209c54dc349f59baccb1.jpg,2
1666100666777_jpg.rf.d2f1b0247acc57eb1f1aa2f3353fafea2.jpg,0
1666095931042_jpg.rf.4ed2af7378d2c4ba92430e15e7beda291.jpg,3
1666095931344_jpg.rf.90d3f5aabbbf00c3be6f2f309eb7ac973.jpg,0
1680560120138_jpg.rf.c98d13a1170df0db19d61d687965a3091.jpg,1
1679672212151_jpg.rf.52e4188b88d25621ea39347d1549102b2.jpg,0
1666095931469_jpg.rf.82586142a2c6a08c1092ebd4dc188d312.jpg,0
1666095930771_jpg.rf.0b4baf0d41e146c34c005b98e8a7cdaa1.jpg,0
1666361255841_jpg.rf.fe36591afd59702e36def6bd06fb889d0.jpg,3
1666361255598_jpg.rf.06d4a5958ad19a1b0bb2d7f7af1cbfbb5.jpg,1
1680560120358_jpg.rf.03dad3dece45a0f37abc8b66dd5a15a11.jpg,3
1666361255975_jpg.rf.5296f8454d1af845de0c513b18cbd4b44.jpg,0
1666100667260_jpg.rf.bbe602d7d25401b47a5e9e52bc9186e30.jpg,1
1666095931060_jpg.rf.857bb3546c040cb8c8117ad6cd6513f33.jpg,3
1666100667172_jpg.rf.923634e5df1cc2b4309dbd0b304f273b3.jpg,1
1666361255910_jpg.rf.d6e23d1026d65d4617379da42e83c13f3.jpg,1
1666100667351_jpg.rf.717e956f8b2a56eb827c19dc71235fca1.jpg,0
1679672212105_jpg.rf.d6ab86bbc0eb55849ad4e6f78643b66e0.jpg,2
1680560120013_jpg.rf.eed1e1ad34dd357b8c5c50f751d6707d0.jpg,1
1666095931388_jpg.rf.8618fd4b5add3cd7d2cd97b22817aa7f2.jpg,3
1680560120272_jpg.rf.838eafc0f79f5e5c7ce5a92daf088ab50.jpg,1
1666095931405_jpg.rf.64e5265c71b0ecd1f9ff67c88f6049422.jpg,3
1679672212070_jpg.rf.0cc7bf81c15885ad9b087d33611bde5f0.jpg,3
1666361255959_jpg.rf.e41f383694f03e66009fee47cb0984cc3.jpg,3
1666095931367_jpg.rf.1eefdf896001d992b5d9c54aabf208092.jpg,0
1666361255819_jpg.rf.34d5360efc8340a582ce9a076007ef241.jpg,2
1666361255665_jpg.rf.ce49f61ef2c85d9c9705756f0021f4ba4.jpg,0
1666095930874_jpg.rf.345e7275268c2db5f9724b7e7bf339a83.jpg,1
1680560120152_jpg.rf.00a8791fbb72446f3ded9f9b592256ae0.jpg,2
1666100667592_jpg.rf.dcdaa9783d3775544ebd113133fc79c03.jpg,1
1679672212254_jpg.rf.558243b2eb891fe8825c9a87d2daba340.jpg,0
1680560120106_jpg.rf.e9bd6604ab3dd02c7726089ff1e5bf601.jpg,0
1680560120111_jpg.rf.44d0e769e2878cc1cc9fd1ddd3861b3a0.jpg,2
1680560120144_jpg.rf.008b0a6ab8319256e2e09206e600b8421.jpg,1
1666361255778_jpg.rf.1dc631dbdb7e910a7d68ba3d25a484600.jpg,2
1680560120144_jpg.rf.008b0a6ab8319256e2e09206e600b8422.jpg,2
1666361256096_jpg.rf.99b268f6a22eeb628a48b916099e14e72.jpg,3
1666361255683_jpg.rf.a2a8a23d22296722db9659d0fc992f3a2.jpg,0
1666361256354_jpg.rf.baec18af90c7c3fe00d8d04ff8b3a9661.jpg,3
1666100667325_jpg.rf.c59a62642c7d8ed706ddcc8d29b784a30.jpg,2
1680560120227_jpg.rf.979d726ddd73b489c9f12b08de31b0632.jpg,3
1666100667222_jpg.rf.37b25e1585f16f12d04e75d607f93aec0.jpg,0
1666100667502_jpg.rf.90ac7b43c8b8af8a6fbf1c05f646e7c31.jpg,3
1666361256199_jpg.rf.0602508a2422779c738efe3459a6f6ef3.jpg,2
1666095930630_jpg.rf.12f65ce25103e0ba664bc2469ca020221.jpg,0
1680560119998_jpg.rf.edc0896aef34ca8062a4c4a028f73e711.jpg,0
1666361255797_jpg.rf.8cb19977b78bf705f5bd25355831076e0.jpg,2
1666100667339_jpg.rf.d6b62028316018f3e32394a4de1cd0d52.jpg,2
1666095931261_jpg.rf.fc0b68e2fc1c2f59f59b73392adb17bd3.jpg,1
1666100666853_jpg.rf.1a473c4aaf5c61c53c3eedb1096c287d3.jpg,0
1680560120058_jpg.rf.b37617cad4d9ed40a828c783c1708cd81.jpg,2
1666361255683_jpg.rf.a2a8a23d22296722db9659d0fc992f3a1.jpg,0
1680560120039_jpg.rf.48c59570325a32a234f2d2f14f13f0ab1.jpg,3
1666100667579_jpg.rf.9d9bfeac0c43e4c161265d42976a32bb0.jpg,2
1680560119981_jpg.rf.bf229054785965318e50999e7add0fc10.jpg,1
1666361256251_jpg.rf.07d5209de2f9f8f5dc565f39a1e919781.jpg,3
1679672212058_jpg.rf.3efd7e7bd045301376ace7ed06e269b12.jpg,1
1666100667172_jpg.rf.923634e5df1cc2b4309dbd0b304f273b1.jpg,2
1666095931617_jpg.rf.086448689a34ebc5b138e58874f2d8352.jpg,0
1666100667222_jpg.rf.37b25e1585f16f12d04e75d607f93aec1.jpg,3
1680560120260_jpg.rf.e36b3119dad4769222fec23b2992a1d81.jpg,0
1666361255583_jpg.rf.77a9e2755e29748a7140ae89e37ca02c1.jpg,2
1680560120075_jpg.rf.389cd899bfb7bb3675bf073eea9d44390.jpg,3
1680560120314_jpg.rf.f4b490b803e8ad42536c8885fa8b11dd1.jpg,0
1666100667339_jpg.rf.d6b62028316018f3e32394a4de1cd0d51.jpg,3
1679672212266_jpg.rf.a0e276751bb7fdaff70fed4cbedd2aa71.jpg,0
1680560120233_jpg.rf.f7168b3bda1eab0ad65ee738c2333e9b0.jpg,3
1666100667106_jpg.rf.2ebba12000d10b228f64d937a9260d580.jpg,3
1679672212178_jpg.rf.2259d247de60a65e6248a68f8b8b205a0.jpg,2
1680560120322_jpg.rf.774dcf8f9778e1765cd9539b5b474e950.jpg,1
1666095931511_jpg.rf.5e1bfe8d1dbffbb5ef6003fb5f9115001.jpg,0
1666095930942_jpg.rf.ca9b5970f54c3d74d094a9f10e52b89a2.jpg,2
1666361256165_jpg.rf.86f276dbbb65a7db961c97146f1b49451.jpg,2
1666095931160_jpg.rf.721ce35e84cabc47a31a8441134709792.jpg,0
1680647437741_jpg.rf.119bcc9e6f8fee13c84c408f137c91ef1.jpg,2
1679672211978_jpg.rf.6181c3936d8ef77eb86ac7cd04310b4f2.jpg,3
1666095931367_jpg.rf.1eefdf896001d992b5d9c54aabf208093.jpg,1
1666100667248_jpg.rf.77126de6bca1a9b7132e67d84cf9a4bf0.jpg,0
1666361256234_jpg.rf.c492128f31c43a4b8c7de8c6225b92181.jpg,0
1680560120125_jpg.rf.40c83ee89bc1e4d95ab20b33519d8c7d2.jpg,1
1679672212144_jpg.rf.19c9ac0d0c72ad22f0ac2a078393f2082.jpg,2
1666361256079_jpg.rf.b43e5af7e21f35a95f939ce9483667260.jpg,1
1679672212116_jpg.rf.78f4ab4d5d452f807bf4cf896e0198722.jpg,2
1680560119973_jpg.rf.b6051db65a184770b89ce5540b02918f0.jpg,0
1679672212105_jpg.rf.d6ab86bbc0eb55849ad4e6f78643b66e1.jpg,1
1680560119876_jpg.rf.a0a1f7bee2c13c1d177822ec077cb3711.jpg,0
1666361255819_jpg.rf.34d5360efc8340a582ce9a076007ef240.jpg,2
1680647437911_jpg.rf.21d8490f1759f96ccc7f9331dedb14492.jpg,0
1666361256181_jpg.rf.32db3145f82d0584fb1010c560d70f491.jpg,2
1680560120332_jpg.rf.d85acfcfc82efa643ed5776e09ffc2e80.jpg,3
1666100667312_jpg.rf.f311d4af31942751e849e9ad680d11ac3.jpg,1
1666361255761_jpg.rf.b553c893f5ff5c2ff04f7eefd4bfeb470.jpg,0
1666100666963_jpg.rf.42ce49f94fe22675c48f1cade49540673.jpg,1
1680560120437_jpg.rf.20c3e1f979da46bb358f0c309b7910081.jpg,1
1679672212178_jpg.rf.2259d247de60a65e6248a68f8b8b205a1.jpg,1
1680647438099_jpg.rf.1e151f745aaf5823730d12d6f14b382a1.jpg,0
1680560119967_jpg.rf.b825771c59562e89b6e390f6baad297e1.jpg,2
1666095930749_jpg.rf.5ccd96425ba4ae84170c86cb0a0551830.jpg,2
1666361255743_jpg.rf.165a5ccc4a0da209c54dc349f59baccb2.jpg,0
1666100667093_jpg.rf.abc956a994d645048d3267597c8ddf960.jpg,3
1666100666980_jpg.rf.fa31ab92593ead838b7153209893bb7f3.jpg,2
1666100667443_jpg.rf.109fc3f71c251bdffa8a7bedfbb1b23a3.jpg,1
1666100666890_jpg.rf.c3de62fce268c2bd0476e6370c9e13ec1.jpg,2
1666095930890_jpg.rf.cc82334b43bad1617d95b394cd25d30d2.jpg,2
1680560120189_jpg.rf.673137140acb9e7095f96bbcdf140a3b1.jpg,0
1666095930981_jpg.rf.e5a22c8b0cafcfffbd3b39c631212fca1.jpg,3
1679672212165_jpg.rf.9b8fb25f1f283eb85b335a234ce6b39c2.jpg,3
1666100667491_jpg.rf.ada689fa31a009ca77c3530e423385e91.jpg,3
1680560120442_jpg.rf.abfceec1ae55cb424f229564166dcfcd2.jpg,0
1666100667604_jpg.rf.7fa541e61e7631e79b7580a76f3b8fef3.jpg,1
1666361256234_jpg.rf.c492128f31c43a4b8c7de8c6225b92183.jpg,1
1680647438088_jpg.rf.17d067f7e82bd451d2506e60b9f0f3430.jpg,3
1680560119958_jpg.rf.72c3f61b955f2ea85e257d1cb4c9dfe22.jpg,0
1666361256354_jpg.rf.baec18af90c7c3fe00d8d04ff8b3a9664.jpg,1
1666100667273_jpg.rf.5384efc61388c0cae6a0ecda724c41ef0.jpg,0
1666361256050_jpg.rf.4366b0c85c28b3519b21e85a3146f9411.jpg,3
1666095931742_jpg.rf.1bc32d2de9ead59c9e5359f2890a03ff0.jpg,3
1666100667210_jpg.rf.f860f7ae834869592e8bf11b2f82ab7c4.jpg,1
1680560120159_jpg.rf.af9d876334d4afdd41541435f363dbf70.jpg,0
1666361255860_jpg.rf.4d2a4ec507724099c4670d60df07c63f0.jpg,3
1666361255990_jpg.rf.3bfb4355fc2dc0aae0a7bbf5d8cae56d0.jpg,1
1679672211989_jpg.rf.f95df91f09971b55958c83b88149e8410.jpg,3
1680560120051_jpg.rf.f9a2c4f5e58999b1c8e87e2219c78b891.jpg,0
1666361256064_jpg.rf.c7bd1dd6b93b7d39bd0941edbb5727061.jpg,0
1666361255959_jpg.rf.e41f383694f03e66009fee47cb0984cc0.jpg,2
1666100667420_jpg.rf.ba812c42153d126cab6e55600964d6492.jpg,2
1666100666871_jpg.rf.2395083dddbb41b3677daccbfed109fb1.jpg,2
1680560119973_jpg.rf.b6051db65a184770b89ce5540b02918f1.jpg,2
1666095931596_jpg.rf.0d623655f85a8580fedff556f1ecc73b1.jpg,3
1666100667121_jpg.rf.e36d1808975599841d8ee486eaf4720e2.jpg,0
1679672212227_jpg.rf.60ffb12575d0d5f11327d944f33600bd0.jpg,1
1679672212047_jpg.rf.804bd507b18033e73ef7a7dbec001bf20.jpg,0
1666100667430_jpg.rf.2d3cc4ffef7932d9d526704814a13eef1.jpg,3
1666361255975_jpg.rf.5296f8454d1af845de0c513b18cbd4b42.jpg,2
1666095930630_jpg.rf.12f65ce25103e0ba664bc2469ca020222.jpg,0
1666100667248_jpg.rf.77126de6bca1a9b7132e67d84cf9a4bf2.jpg,3
1666095931554_jpg.rf.0b7b3e4b323e9834a479903a7ae077741.jpg,1
1666361256113_jpg.rf.0d371b0b15f8305d0ff5c43d7668a5c60.jpg,2
1680560120125_jpg.rf.40c83ee89bc1e4d95ab20b33519d8c7d0.jpg,3
1680560120119_jpg.rf.6d449ecbc85762104317843bfb56055e2.jpg,3
1666095930749_jpg.rf.5ccd96425ba4ae84170c86cb0a0551833.jpg,1
1666361255743_jpg.rf.165a5ccc4a0da209c54dc349f59baccb0.jpg,1
1666100667502_jpg.rf.90ac7b43c8b8af8a6fbf1c05f646e7c33.jpg,3
1680560120442_jpg.rf.abfceec1ae55cb424f229564166dcfcd1.jpg,1
1666361256354_jpg.rf.baec18af90c7c3fe00d8d04ff8b3a9660.jpg,2
1680560120227_jpg.rf.979d726ddd73b489c9f12b08de31b0631.jpg,1
1666100667592_jpg.rf.dcdaa9783d3775544ebd113133fc79c01.jpg,2
1680560120322_jpg.rf.774dcf8f9778e1765cd9539b5b474e951.jpg,2
1666095930981_jpg.rf.e5a22c8b0cafcfffbd3b39c631212fca3.jpg,1
1666100666812_jpg.rf.917012fd1855f289006115349848f2e21.jpg,0
1666100667527_jpg.rf.97fbe257d4e7337923b74075c3b70c462.jpg,0
1666100667063_jpg.rf.74381c4354357a8a4d7ff37fb88ca2fe0.jpg,2
1680560120427_jpg.rf.92d7291299b4c1da8cbf8108f0a228ed2.jpg,2
1679672212098_jpg.rf.04272250035b6a059f7eedfefb37306c1.jpg,0
1680560119981_jpg.rf.bf229054785965318e50999e7add0fc11.jpg,0
1680560120448_jpg.rf.52d58f8dda06dfd478cd45c4d0e73f260.jpg,0
1666100667297_jpg.rf.be498302d967eedb0662a6f89107758c3.jpg,1
1666095931181_jpg.rf.c9ea357abb45feec79d0dc74ccc5a2f03.jpg,0
1666095931448_jpg.rf.cc9a5ad39894a3137f269ee1d25dcfaa1.jpg,3
1680647438011_jpg.rf.3194e0b57acbdc039e5dec87b161be4c2.jpg,1
1666095930834_jpg.rf.7932fa63bad55bfa95582efdc3a338d81.jpg,3
1666361255990_jpg.rf.3bfb4355fc2dc0aae0a7bbf5d8cae56d3.jpg,3
1666361256302_jpg.rf.aaa83c6ac83db9716b5389da30f9ceca0.jpg,0
1666361256079_jpg.rf.b43e5af7e21f35a95f939ce9483667263.jpg,2
1666361256302_jpg.rf.aaa83c6ac83db9716b5389da30f9ceca4.jpg,1
1666100667093_jpg.rf.abc956a994d645048d3267597c8ddf963.jpg,2
1680560120641_jpg.rf.25bbb7d14cfaa6eb9aab8a3c5f5bac8c0.jpg,1
1666095931554_jpg.rf.0b7b3e4b323e9834a479903a7ae077740.jpg,2
1666361255583_jpg.rf.77a9e2755e29748a7140ae89e37ca02c5.jpg,3
1666361255761_jpg.rf.b553c893f5ff5c2ff04f7eefd4bfeb473.jpg,1
1680560119909_jpg.rf.d97361594f4fb3b0b06015de9e6ef52e1.jpg,0
1680560119918_jpg.rf.09efb0223d0fdb117c3baf399141b7271.jpg,0
1666100667196_jpg.rf.72dbbdb2cc7a3e58c86edf653138f3bd3.jpg,1
1666361256424_jpg.rf.c62188acbe5fb3eac481751e976e711f2.jpg,0
1666100666777_jpg.rf.d2f1b0247acc57eb1f1aa2f3353fafea4.jpg,1
1666095930630_jpg.rf.12f65ce25103e0ba664bc2469ca020223.jpg,0
1666095931098_jpg.rf.38c996a514a78355904f8096780695bf0.jpg,2
1680647438103_jpg.rf.e4f5b19877a0e35793ed62bfc6cca75c1.jpg,3
1666095931575_jpg.rf.c59b7a34b9295ca9cd91701f30ca290a3.jpg,2
1666361255631_jpg.rf.f4987451bcf8679414b8a3d0d16d7df20.jpg,1
1666100667234_jpg.rf.2ba4ee1e7656422eec2cd20bd2d309881.jpg,0
1666095931679_jpg.rf.59c35cb1a5143f52410d9511f4cc57292.jpg,3
1666100667234_jpg.rf.2ba4ee1e7656422eec2cd20bd2d309882.jpg,1
1679672212023_jpg.rf.5826a19712d7ca0b936668d148914d191.jpg,0
1666100666853_jpg.rf.1a473c4aaf5c61c53c3eedb1096c287d1.jpg,3
1666361255665_jpg.rf.ce49f61ef2c85d9c9705756f0021f4ba3.jpg,3
1666095930622_jpg.rf.40c08b502195ba0862786f68a6c35a922.jpg,0
1666361255797_jpg.rf.8cb19977b78bf705f5bd25355831076e2.jpg,3
1666361255598_jpg.rf.06d4a5958ad19a1b0bb2d7f7af1cbfbb1.jpg,0
1666361256064_jpg.rf.c7bd1dd6b93b7d39bd0941edbb5727062.jpg,2
1666095930642_jpg.rf.8ea43cf94feb73051161ba949e869c170.jpg,1
1666361255778_jpg.rf.1dc631dbdb7e910a7d68ba3d25a484601.jpg,0
1666100667312_jpg.rf.f311d4af31942751e849e9ad680d11ac2.jpg,2
1666100666777_jpg.rf.d2f1b0247acc57eb1f1aa2f3353fafea0.jpg,2
1666361256113_jpg.rf.0d371b0b15f8305d0ff5c43d7668a5c64.jpg,1
1680560120266_jpg.rf.bae8d7acc083509783c6ebf5d84e5ffe2.jpg,1
1666100667133_jpg.rf.7845e751183eefddad557b08d2f3c0e91.jpg,0
1666361255927_jpg.rf.33def151900c454a8091e4e51b1730c34.jpg,1
1666361256302_jpg.rf.aaa83c6ac83db9716b5389da30f9ceca1.jpg,0
1666095930907_jpg.rf.95fefca32c81b755d92d1e6a469a7a261.jpg,2
1680560120301_jpg.rf.ebe00e844f6b87516a5d0e9f0ad3fb862.jpg,0
1666095931282_jpg.rf.abe8bf20ea0201c433328a3ab080bc8c3.jpg,3
1680647437911_jpg.rf.21d8490f1759f96ccc7f9331dedb14490.jpg,1
1679672211967_jpg.rf.16148703893fa32110969c2dafbb4a990.jpg,0
1666095931240_jpg.rf.5e1f8dd41d41b476ef06b1d34f49ae221.jpg,0
1666100666890_jpg.rf.c3de62fce268c2bd0476e6370c9e13ec3.jpg,1
1666361256005_jpg.rf.1218011f9fe478320ec18495098289703.jpg,2
1666100667430_jpg.rf.2d3cc4ffef7932d9d526704814a13eef0.jpg,0
1680560119987_jpg.rf.5b8298cfe37f3a33abcc358be82c85ce2.jpg,0
1680560120202_jpg.rf.7ef871ae0c17ae245ef25eb72912f5150.jpg,1
1680560119893_jpg.rf.b11ba7768ee580936afb9cf4a17620042.jpg,1
1679672212047_jpg.rf.804bd507b18033e73ef7a7dbec001bf22.jpg,2
1666095931490_jpg.rf.f639d878787af127aa7acfe215778e9c1.jpg,0
1680560120496_jpg.rf.73595c6e81b3d9fec5b8c855eb6c834f0.jpg,0
1666361256165_jpg.rf.86f276dbbb65a7db961c97146f1b49452.jpg,2
1680560120039_jpg.rf.48c59570325a32a234f2d2f14f13f0ab0.jpg,1
1666095931617_jpg.rf.086448689a34ebc5b138e58874f2d8353.jpg,2
1666100667297_jpg.rf.be498302d967eedb0662a6f89107758c1.jpg,0
1666361255959_jpg.rf.e41f383694f03e66009fee47cb0984cc4.jpg,1
1666100666834_jpg.rf.b7074acca5770ff5fe88d486d0d985433.jpg,3
1666095930834_jpg.rf.7932fa63bad55bfa95582efdc3a338d83.jpg,0
1666100666927_jpg.rf.71c9cdd484e7e352f528001a1b80f48a0.jpg,1
1666100667260_jpg.rf.bbe602d7d25401b47a5e9e52bc9186e33.jpg,3
1666100667047_jpg.rf.be300c97a2e30e69e0bd62e12feddbbb0.jpg,3
1680560120654_jpg.rf.4c8c3251ea10e800993c409e611372e80.jpg,2
1666095931596_jpg.rf.0d623655f85a8580fedff556f1ecc73b3.jpg,1
1679672212157_jpg.rf.34f8235210d8c372a915fe0a281f6c712.jpg,1
1666361256147_jpg.rf.885ce4526b62cbb586f656c97fd5e45d0.jpg,3
1666361256388_jpg.rf.fcaf3125c8b7ef6c17f4fc37bbf0a6ea0.jpg,1
1666361255880_jpg.rf.c289ef4eec30da3ac71e30eaec13c4014.jpg,1
1666361255697_jpg.rf.cc89ad942957f72f2eaad34bbf261cca1.jpg,0
1666100667374_jpg.rf.58c1791bfad4740fe72a49a663cb411d2.jpg,3
1666361256218_jpg.rf.b64314761fb8faafdfce2bdb7b0cd3630.jpg,0
1666100667351_jpg.rf.717e956f8b2a56eb827c19dc71235fca0.jpg,3
1679672211967_jpg.rf.16148703893fa32110969c2dafbb4a992.jpg,1
1679672212035_jpg.rf.49063322e790e678b36df754c86cba4d1.jpg,2
1679672211989_jpg.rf.f95df91f09971b55958c83b88149e8411.jpg,1
1666361256251_jpg.rf.07d5209de2f9f8f5dc565f39a1e919782.jpg,0
1666095930820_jpg.rf.c6ebb2eb10157afa83252936ec5dce1e0.jpg,3
1666361256319_jpg.rf.537b2811c15ea8d9d894d6f31a32889a4.jpg,0
1680560120045_jpg.rf.d56c8f5e3245b71d22411dda70fc9c171.jpg,0
1680560120433_jpg.rf.e092fb7f870f43e0a52f54ffb149fc9f1.jpg,1
1666100667565_jpg.rf.dd377c36e27d06e91afbb51151e02d823.jpg,2
1666095931534_jpg.rf.c517f7f4e7cf8d4b935323888f3153362.jpg,2
1666100667420_jpg.rf.ba812c42153d126cab6e55600964d6491.jpg,0
1666100667491_jpg.rf.ada689fa31a009ca77c3530e423385e93.jpg,1
1679672212035_jpg.rf.49063322e790e678b36df754c86cba4d2.jpg,0
1666095930942_jpg.rf.ca9b5970f54c3d74d094a9f10e52b89a3.jpg,1
1666095931042_jpg.rf.4ed2af7378d2c4ba92430e15e7beda293.jpg,1
1666100667540_jpg.rf.447c75de6162370178da22480b8b15231.jpg,0
1666361256096_jpg.rf.99b268f6a22eeb628a48b916099e14e71.jpg,2
1666100667385_jpg.rf.02a18028ad23d9a1ed644a2aa83a09202.jpg,3
1680560120288_jpg.rf.aadc0f738a4a71406cda6df992dde5452.jpg,0
1666095931699_jpg.rf.79356c17e5089efa8797eed4bed692b71.jpg,2
1666361256218_jpg.rf.b64314761fb8faafdfce2bdb7b0cd3633.jpg,2
1680560120202_jpg.rf.7ef871ae0c17ae245ef25eb72912f5152.jpg,2
1680560120442_jpg.rf.abfceec1ae55cb424f229564166dcfcd0.jpg,2
1666095930771_jpg.rf.0b4baf0d41e146c34c005b98e8a7cdaa3.jpg,1
1666095931200_jpg.rf.0e0dd880a30eab9fec3f40d1d4bdb0871.jpg,3
1666361256079_jpg.rf.b43e5af7e21f35a95f939ce9483667262.jpg,2
1680560120019_jpg.rf.8a9bb987c88860f5b71d6a2f1541a2731.jpg,3
1666100667502_jpg.rf.90ac7b43c8b8af8a6fbf1c05f646e7c30.jpg,0
1680560120033_jpg.rf.77078183255061d2d12ec12e70855df22.jpg,1
1666095931098_jpg.rf.38c996a514a78355904f8096780695bf2.jpg,0
1679672212013_jpg.rf.6af91145f88d5d88f731dc7036f77cce2.jpg,2
1680560119947_jpg.rf.13e4cfa1f9e03377c432261176063b870.jpg,0
1666361256388_jpg.rf.fcaf3125c8b7ef6c17f4fc37bbf0a6ea2.jpg,0
1680560120239_jpg.rf.e47c08df82f62fca5c2b723ccc1701490.jpg,1
1666100667031_jpg.rf.6f27cb5d410c203748a9134ffba2aba42.jpg,2
1679672212227_jpg.rf.60ffb12575d0d5f11327d944f33600bd1.jpg,2
1680560120501_jpg.rf.07a393185bba96f0fab44530e37e94962.jpg,2
1680560119936_jpg.rf.a8e716077627ec93f9649bacbb792bd01.jpg,1
1666100666980_jpg.rf.fa31ab92593ead838b7153209893bb7f1.jpg,0
1666095931742_jpg.rf.1bc32d2de9ead59c9e5359f2890a03ff2.jpg,2
1680560120051_jpg.rf.f9a2c4f5e58999b1c8e87e2219c78b892.jpg,0
1666100667527_jpg.rf.97fbe257d4e7337923b74075c3b70c461.jpg,0
1680560120119_jpg.rf.6d449ecbc85762104317843bfb56055e0.jpg,0
1680560120119_jpg.rf.6d449ecbc85762104317843bfb56055e1.jpg,1
1680647437741_jpg.rf.119bcc9e6f8fee13c84c408f137c91ef0.jpg,0
1680560120349_jpg.rf.569bb929c9e94082762ac3ef0aa54eb00.jpg,1
1680560120045_jpg.rf.d56c8f5e3245b71d22411dda70fc9c170.jpg,0
1680560120353_jpg.rf.f4859c36b886ad1db26180cf3bc986312.jpg,1
1666361256370_jpg.rf.13561496a63708766cdf4940d8bb3e750.jpg,1
1679672212138_jpg.rf.63064e4ec36e7128a90c3ed54f3352ad1.jpg,2
1680560120006_jpg.rf.b04ee0cbb670a5e95b939611ba8ceed90.jpg,0
1680560119885_jpg.rf.a4eb9c5c02ecaeb4f361ab3ea4e707e10.jpg,1
1666361256319_jpg.rf.537b2811c15ea8d9d894d6f31a32889a2.jpg,3
1666361256286_jpg.rf.c5542312c48b22de89cc38219f15e0220.jpg,1
1666095931282_jpg.rf.abe8bf20ea0201c433328a3ab080bc8c2.jpg,0
1679672211967_jpg.rf.16148703893fa32110969c2dafbb4a991.jpg,2
1666361256354_jpg.rf.baec18af90c7c3fe00d8d04ff8b3a9663.jpg,0
1680560120260_jpg.rf.e36b3119dad4769222fec23b2992a1d82.jpg,0
1680560120027_jpg.rf.08af6b267f551d13bd1f18efd18eafb30.jpg,0
1666100667553_jpg.rf.0d49b3b94535fb2c14897faf0c4621992.jpg,3
1666095931638_jpg.rf.fa5f0c12c4aced2b78a19f3391f9e18b2.jpg,0
1680560119909_jpg.rf.d97361594f4fb3b0b06015de9e6ef52e0.jpg,0
1666361255944_jpg.rf.4f3c8a7b0256b5e3082c8195e602f8130.jpg,2
1666100667374_jpg.rf.58c1791bfad4740fe72a49a663cb411d3.jpg,2
1679672212216_jpg.rf.8f813cd38a7936b28a91094c943a2e511.jpg,2
1666100667106_jpg.rf.2ebba12000d10b228f64d937a9260d581.jpg,0
1666361255910_jpg.rf.d6e23d1026d65d4617379da42e83c13f2.jpg,0
1666095931469_jpg.rf.82586142a2c6a08c1092ebd4dc188d313.jpg,1
1666095930907_jpg.rf.95fefca32c81b755d92d1e6a469a7a260.jpg,1
1666095931490_jpg.rf.f639d878787af127aa7acfe215778e9c3.jpg,0
1666361255797_jpg.rf.8cb19977b78bf705f5bd25355831076e4.jpg,1
1679672212248_jpg.rf.62437009d19c22981702fb95032a71f00.jpg,0
1666361255895_jpg.rf.337801ac9accbbc3548e11706782343d2.jpg,2
1680560120284_jpg.rf.a3fdf4d0d9936d227714509faf9a16f91.jpg,0
1666100666997_jpg.rf.d770e50cbacd362c6738a1e44255fb8e3.jpg,1
1680560120133_jpg.rf.d1d583a2294b02ed4b973a2093460d332.jpg,2
1666361255615_jpg.rf.c4a6679c6e10d62311abc77e3b03c9dc0.jpg,0
1666100667604_jpg.rf.7fa541e61e7631e79b7580a76f3b8fef0.jpg,3
1680560120621_jpg.rf.c01acbd51038f54f4cb743e4f7334ebd0.jpg,2
1679672211978_jpg.rf.6181c3936d8ef77eb86ac7cd04310b4f0.jpg,1
1666095931763_jpg.rf.1452cec97aaad3986ee6b9bc2edabdd12.jpg,0
1666095930622_jpg.rf.40c08b502195ba0862786f68a6c35a923.jpg,0
1680647437895_jpg.rf.d04ee3fba5137f3b7e07542ff87e6f982.jpg,1
1680560120152_jpg.rf.00a8791fbb72446f3ded9f9b592256ae2.jpg,0
1666095931200_jpg.rf.0e0dd880a30eab9fec3f40d1d4bdb0872.jpg,0
1666361255615_jpg.rf.c4a6679c6e10d62311abc77e3b03c9dc3.jpg,2
1666100666853_jpg.rf.1a473c4aaf5c61c53c3eedb1096c287d5.jpg,3
1666361256424_jpg.rf.c62188acbe5fb3eac481751e976e711f3.jpg,0
1666361255860_jpg.rf.4d2a4ec507724099c4670d60df07c63f1.jpg,3
1666095931742_jpg.rf.1bc32d2de9ead59c9e5359f2890a03ff3.jpg,1
1679672212035_jpg.rf.49063322e790e678b36df754c86cba4d0.jpg,1
1666361255615_jpg.rf.c4a6679c6e10d62311abc77e3b03c9dc5.jpg,1
1680560120272_jpg.rf.838eafc0f79f5e5c7ce5a92daf088ab51.jpg,2
1666095931098_jpg.rf.38c996a514a78355904f8096780695bf3.jpg,1
1680560119901_jpg.rf.86d2fb143179ee35465b80893bb3037c2.jpg,2
1666361256079_jpg.rf.b43e5af7e21f35a95f939ce9483667264.jpg,0
1680560120421_jpg.rf.616ace054ad3a187e6756bf3e82c750b3.jpg,2
1680560120152_jpg.rf.00a8791fbb72446f3ded9f9b592256ae1.jpg,1
1666361256424_jpg.rf.c62188acbe5fb3eac481751e976e711f0.jpg,2
1680647438099_jpg.rf.1e151f745aaf5823730d12d6f14b382a0.jpg,3
1666095930874_jpg.rf.345e7275268c2db5f9724b7e7bf339a82.jpg,2
1666361255927_jpg.rf.33def151900c454a8091e4e51b1730c33.jpg,0
1679672212254_jpg.rf.558243b2eb891fe8825c9a87d2daba342.jpg,0
1680560120165_jpg.rf.02e3fd3d903bfb1452af5191479dc1fe1.jpg,0
1666095931118_jpg.rf.188158b57a65006dbcc3e5a7441bf1a02.jpg,2
1680560120295_jpg.rf.adf779791bea9e510effdb639076dc152.jpg,1
1679672211978_jpg.rf.6181c3936d8ef77eb86ac7cd04310b4f1.jpg,3
1666100666834_jpg.rf.b7074acca5770ff5fe88d486d0d985430.jpg,0
1666100667351_jpg.rf.717e956f8b2a56eb827c19dc71235fca3.jpg,1
1666100666834_jpg.rf.b7074acca5770ff5fe88d486d0d985436.jpg,1
1666361256035_jpg.rf.744d5d3554ef17f2a46279e4ae4944b80.jpg,1
1680560119993_jpg.rf.a7e6922ea835bd5c492836fbbb7da8f92.jpg,0
1666100667579_jpg.rf.9d9bfeac0c43e4c161265d42976a32bb1.jpg,2
1666100667121_jpg.rf.e36d1808975599841d8ee486eaf4720e0.jpg,3
1666095931427_jpg.rf.a9ebbf6e9f60d8141bbb7eee1a71788e1.jpg,3
1666095930749_jpg.rf.5ccd96425ba4ae84170c86cb0a0551832.jpg,0
1666095930693_jpg.rf.70fce6c4629c0bbd48a3039496af7e310.jpg,0
1666100666871_jpg.rf.2395083dddbb41b3677daccbfed109fb0.jpg,0
1679672212178_jpg.rf.2259d247de60a65e6248a68f8b8b205a2.jpg,0
1666361255944_jpg.rf.4f3c8a7b0256b5e3082c8195e602f8133.jpg,0
1666100667374_jpg.rf.58c1791bfad4740fe72a49a663cb411d0.jpg,1
1666361256251_jpg.rf.07d5209de2f9f8f5dc565f39a1e919783.jpg,1
1666361256405_jpg.rf.3d9fbb1d5606829446a4fa8378cc115f0.jpg,1
1680560120301_jpg.rf.ebe00e844f6b87516a5d0e9f0ad3fb861.jpg,1
1679672212151_jpg.rf.52e4188b88d25621ea39347d1549102b0.jpg,2
1666361256147_jpg.rf.885ce4526b62cbb586f656c97fd5e45d4.jpg,1
1680560120067_jpg.rf.ed191824b43eb78178e27ed95af16fb01.jpg,2
1680560120501_jpg.rf.07a393185bba96f0fab44530e37e94960.jpg,0
1679672212130_jpg.rf.75177fce2061fd786b0c51aca862c6370.jpg,0
1666100667063_jpg.rf.74381c4354357a8a4d7ff37fb88ca2fe3.jpg,1
1680560120433_jpg.rf.e092fb7f870f43e0a52f54ffb149fc9f0.jpg,0
1666361255819_jpg.rf.34d5360efc8340a582ce9a076007ef243.jpg,3
1666361255648_jpg.rf.58c5c8e062aea9f5bb34ad13585b74c50.jpg,1
1666095931118_jpg.rf.188158b57a65006dbcc3e5a7441bf1a01.jpg,3
1666100667420_jpg.rf.ba812c42153d126cab6e55600964d6493.jpg,1
1680560120358_jpg.rf.03dad3dece45a0f37abc8b66dd5a15a10.jpg,1
1680560120189_jpg.rf.673137140acb9e7095f96bbcdf140a3b0.jpg,0
1666361256370_jpg.rf.13561496a63708766cdf4940d8bb3e753.jpg,3
1666361255880_jpg.rf.c289ef4eec30da3ac71e30eaec13c4010.jpg,3
1680647438088_jpg.rf.17d067f7e82bd451d2506e60b9f0f3431.jpg,0
1679672212013_jpg.rf.6af91145f88d5d88f731dc7036f77cce0.jpg,1
1680560120075_jpg.rf.389cd899bfb7bb3675bf073eea9d44392.jpg,1
1679672212266_jpg.rf.a0e276751bb7fdaff70fed4cbedd2aa72.jpg,1
1680560119893_jpg.rf.b11ba7768ee580936afb9cf4a17620041.jpg,0
1680560120427_jpg.rf.92d7291299b4c1da8cbf8108f0a228ed0.jpg,3
1680560120170_jpg.rf.4483c792399b88380444dae3fccc95791.jpg,0
1680560120421_jpg.rf.616ace054ad3a187e6756bf3e82c750b4.jpg,3
1666095931000_jpg.rf.09a2d9cf8245437130e78ba06ea8d1692.jpg,1
1666095930820_jpg.rf.c6ebb2eb10157afa83252936ec5dce1e3.jpg,1
1679672212188_jpg.rf.36f0840de92338b47e061c84d86cd7122.jpg,2
1666100666909_jpg.rf.e568d25352ff4238dd46ab09f1ead1580.jpg,0
1666095931721_jpg.rf.f0695fc94588ae92d76288ebdaee63d61.jpg,0
1680560120027_jpg.rf.08af6b267f551d13bd1f18efd18eafb32.jpg,2
1666095931405_jpg.rf.64e5265c71b0ecd1f9ff67c88f6049420.jpg,1
1666100667196_jpg.rf.72dbbdb2cc7a3e58c86edf653138f3bd0.jpg,2
1666095931261_jpg.rf.fc0b68e2fc1c2f59f59b73392adb17bd0.jpg,0
1679672212070_jpg.rf.0cc7bf81c15885ad9b087d33611bde5f1.jpg,0
1666100666980_jpg.rf.fa31ab92593ead838b7153209893bb7f2.jpg,0
1666100667146_jpg.rf.ac6cbe7fafd403c7e89a5f66058848f91.jpg,2
1666095931021_jpg.rf.96991933c6c83a39f4975d20f881abcb0.jpg,0
1666095930656_jpg.rf.8d4ffa164433657b34dbaad1a45496213.jpg,0
1666100667408_jpg.rf.3348895d304046df6ec33f1db2cdd3051.jpg,1
1666100667159_jpg.rf.b08b323eb1577abcd3c30a6ba9fed06d3.jpg,2
1680647437905_jpg.rf.6c031e7def6abca5b66d7d4be9e2389f2.jpg,1
1666100667540_jpg.rf.447c75de6162370178da22480b8b15233.jpg,0
1680560120332_jpg.rf.d85acfcfc82efa643ed5776e09ffc2e82.jpg,0
1680560120308_jpg.rf.5f95011d33325dddd88b869c269f04ed1.jpg,3
1666361255631_jpg.rf.f4987451bcf8679414b8a3d0d16d7df22.jpg,0
1680560120202_jpg.rf.7ef871ae0c17ae245ef25eb72912f5151.jpg,0
1666100667273_jpg.rf.5384efc61388c0cae6a0ecda724c41ef1.jpg,3
1680560120489_jpg.rf.cc9ce722f446fdaa522b0d1b0b3ae2971.jpg,3
1666361256199_jpg.rf.0602508a2422779c738efe3459a6f6ef1.jpg,0
1680647438099_jpg.rf.1e151f745aaf5823730d12d6f14b382a2.jpg,1
1666100667553_jpg.rf.0d49b3b94535fb2c14897faf0c4621991.jpg,2
1666100667468_jpg.rf.f954e7b153f326acafea3d9d646092213.jpg,0
1666100667480_jpg.rf.7f633e318021e092ffdd41be90d939000.jpg,3
1666100667430_jpg.rf.2d3cc4ffef7932d9d526704814a13eef2.jpg,1
1666095931021_jpg.rf.96991933c6c83a39f4975d20f881abcb2.jpg,3
1679672212111_jpg.rf.d370218dfd2c4ad6315bc8295052390e1.jpg,0
1666361256020_jpg.rf.12b6a3e14f486e419abfb01dc0f2fbfb3.jpg,0
1680560119973_jpg.rf.b6051db65a184770b89ce5540b02918f2.jpg,1
1680560120314_jpg.rf.f4b490b803e8ad42536c8885fa8b11dd2.jpg,1
1666361255583_jpg.rf.77a9e2755e29748a7140ae89e37ca02c2.jpg,3
1666361256337_jpg.rf.206aeb3ffb4ccefffadbe189715587a70.jpg,2
1666361255944_jpg.rf.4f3c8a7b0256b5e3082c8195e602f8132.jpg,3
1666100667468_jpg.rf.f954e7b153f326acafea3d9d646092212.jpg,2
1680560120091_jpg.rf.5dccf557f10266c4615ea3fedcc36c6a0.jpg,1
1666361255631_jpg.rf.f4987451bcf8679414b8a3d0d16d7df25.jpg,3
1666361255615_jpg.rf.c4a6679c6e10d62311abc77e3b03c9dc4.jpg,3
1666095931181_jpg.rf.c9ea357abb45feec79d0dc74ccc5a2f02.jpg,2
1666361256005_jpg.rf.1218011f9fe478320ec18495098289700.jpg,0
1666100667273_jpg.rf.5384efc61388c0cae6a0ecda724c41ef2.jpg,2
1666100666927_jpg.rf.71c9cdd484e7e352f528001a1b80f48a3.jpg,3
1666095930806_jpg.rf.4cf2b91eb7654b7bff43213a8e711ead2.jpg,0
1666095930656_jpg.rf.8d4ffa164433657b34dbaad1a45496214.jpg,1
1666100667183_jpg.rf.c1964cb43c0267044dbe04416c7636540.jpg,0
1666095930656_jpg.rf.8d4ffa164433657b34dbaad1a45496211.jpg,3
1680560119909_jpg.rf.d97361594f4fb3b0b06015de9e6ef52e2.jpg,1
1666361255720_jpg.rf.a9b77ad9996793e176920d74117a78b63.jpg,0
1666095931679_jpg.rf.59c35cb1a5143f52410d9511f4cc57290.jpg,1
1666100667079_jpg.rf.fa356c30e2ee1d7fe71ab79c9e31c1d30.jpg,2
1680560120322_jpg.rf.774dcf8f9778e1765cd9539b5b474e952.jpg,0
1680560119901_jpg.rf.86d2fb143179ee35465b80893bb3037c1.jpg,0
1666095930834_jpg.rf.7932fa63bad55bfa95582efdc3a338d82.jpg,0
1680560120133_jpg.rf.d1d583a2294b02ed4b973a2093460d331.jpg,0
1666100666812_jpg.rf.917012fd1855f289006115349848f2e20.jpg,1
1666095931367_jpg.rf.1eefdf896001d992b5d9c54aabf208090.jpg,2
1680560120189_jpg.rf.673137140acb9e7095f96bbcdf140a3b2.jpg,1
1666361255819_jpg.rf.34d5360efc8340a582ce9a076007ef242.jpg,0
1680560120266_jpg.rf.bae8d7acc083509783c6ebf5d84e5ffe0.jpg,0
1666100667351_jpg.rf.717e956f8b2a56eb827c19dc71235fca2.jpg,2
1680560120260_jpg.rf.e36b3119dad4769222fec23b2992a1d80.jpg,1
1680560120221_jpg.rf.155fc01521e49c9ac70b18da5e3cc2621.jpg,0
1666095930622_jpg.rf.40c08b502195ba0862786f68a6c35a920.jpg,1
1666095931575_jpg.rf.c59b7a34b9295ca9cd91701f30ca290a2.jpg,1
1666100667396_jpg.rf.deac43671317594faeccd5bdad1d02cc3.jpg,2
1666361256370_jpg.rf.13561496a63708766cdf4940d8bb3e751.jpg,2
1666361256113_jpg.rf.0d371b0b15f8305d0ff5c43d7668a5c62.jpg,3
1680560120006_jpg.rf.b04ee0cbb670a5e95b939611ba8ceed91.jpg,3
1666100667063_jpg.rf.74381c4354357a8a4d7ff37fb88ca2fe2.jpg,3
1680560120295_jpg.rf.adf779791bea9e510effdb639076dc150.jpg,0
1666095931219_jpg.rf.b674af57b92cda799af0a5e46f5db5f74.jpg,1
1666100667286_jpg.rf.0a3bab61ad8f081a906f9a8f07b236db2.jpg,3
1666095931118_jpg.rf.188158b57a65006dbcc3e5a7441bf1a00.jpg,1
1680560120621_jpg.rf.c01acbd51038f54f4cb743e4f7334ebd2.jpg,0
1666095931060_jpg.rf.857bb3546c040cb8c8117ad6cd6513f32.jpg,2
1666100667133_jpg.rf.7845e751183eefddad557b08d2f3c0e92.jpg,2
1679672212116_jpg.rf.78f4ab4d5d452f807bf4cf896e0198721.jpg,0
1680560120448_jpg.rf.52d58f8dda06dfd478cd45c4d0e73f261.jpg,2
1666100667031_jpg.rf.6f27cb5d410c203748a9134ffba2aba40.jpg,1
1666361256218_jpg.rf.b64314761fb8faafdfce2bdb7b0cd3631.jpg,2
1666095930710_jpg.rf.8662732b47c419cec890f30cf74a4a931.jpg,0
1666100667297_jpg.rf.be498302d967eedb0662a6f89107758c2.jpg,3
1680560120427_jpg.rf.92d7291299b4c1da8cbf8108f0a228ed1.jpg,3
1666361255648_jpg.rf.58c5c8e062aea9f5bb34ad13585b74c51.jpg,0
1666361256035_jpg.rf.744d5d3554ef17f2a46279e4ae4944b82.jpg,0
1666095930622_jpg.rf.40c08b502195ba0862786f68a6c35a921.jpg,0
1666361255598_jpg.rf.06d4a5958ad19a1b0bb2d7f7af1cbfbb3.jpg,3
1680560120246_jpg.rf.1d37bd07a5d957d62bd76d69f0d85b790.jpg,2
1666361255583_jpg.rf.77a9e2755e29748a7140ae89e37ca02c6.jpg,1
1680560120433_jpg.rf.e092fb7f870f43e0a52f54ffb149fc9f2.jpg,3
1666361255761_jpg.rf.b553c893f5ff5c2ff04f7eefd4bfeb471.jpg,2
1679672212098_jpg.rf.04272250035b6a059f7eedfefb37306c0.jpg,1
1666361255927_jpg.rf.33def151900c454a8091e4e51b1730c31.jpg,0
1666100667093_jpg.rf.abc956a994d645048d3267597c8ddf962.jpg,1
1679672212237_jpg.rf.35cb0b14ba095d2538a44938afb0ed581.jpg,0
1666361255944_jpg.rf.4f3c8a7b0256b5e3082c8195e602f8131.jpg,3
1666361255631_jpg.rf.f4987451bcf8679414b8a3d0d16d7df23.jpg,2
1666095931344_jpg.rf.90d3f5aabbbf00c3be6f2f309eb7ac972.jpg,3
1666361256165_jpg.rf.86f276dbbb65a7db961c97146f1b49453.jpg,3
1666361256005_jpg.rf.1218011f9fe478320ec18495098289702.jpg,2
1680560120427_jpg.rf.92d7291299b4c1da8cbf8108f0a228ed4.jpg,1
1666100667079_jpg.rf.fa356c30e2ee1d7fe71ab79c9e31c1d33.jpg,1
1666095931534_jpg.rf.c517f7f4e7cf8d4b935323888f3153361.jpg,3
1679672212165_jpg.rf.9b8fb25f1f283eb85b335a234ce6b39c0.jpg,1
1680560119958_jpg.rf.72c3f61b955f2ea85e257d1cb4c9dfe20.jpg,1
1680560120358_jpg.rf.03dad3dece45a0f37abc8b66dd5a15a12.jpg,0
1666361256130_jpg.rf.32f14e0d668a21f1a3616530c74f23453.jpg,0
1680647438003_jpg.rf.5b67e1a03ced79c659ec4c62214a82572.jpg,3
1680560119947_jpg.rf.13e4cfa1f9e03377c432261176063b871.jpg,0
1666361255720_jpg.rf.a9b77ad9996793e176920d74117a78b62.jpg,0
1680560119987_jpg.rf.5b8298cfe37f3a33abcc358be82c85ce0.jpg,1
1666100667106_jpg.rf.2ebba12000d10b228f64d937a9260d582.jpg,3
1666100667396_jpg.rf.deac43671317594faeccd5bdad1d02cc0.jpg,1
1666361255797_jpg.rf.8cb19977b78bf705f5bd25355831076e1.jpg,2
1666361256064_jpg.rf.c7bd1dd6b93b7d39bd0941edbb5727063.jpg,0
1666095930792_jpg.rf.d1d5e394974d53919c8448626f17a9621.jpg,0
1666095931200_jpg.rf.0e0dd880a30eab9fec3f40d1d4bdb0870.jpg,1
1666361256424_jpg.rf.c62188acbe5fb3eac481751e976e711f4.jpg,1
1679672212138_jpg.rf.63064e4ec36e7128a90c3ed54f3352ad0.jpg,1
1666095930731_jpg.rf.b95a02af9cf0f87e04fe073f223b8b8d2.jpg,0
1680560120421_jpg.rf.616ace054ad3a187e6756bf3e82c750b2.jpg,3
1680560119927_jpg.rf.63d65ee044ea0a09ae5bc96cb643335c1.jpg,3